user_id	track_id	track_name	artist_id	artist_name	playcount
user_000001	af40062e-09fd-4d8f-84f3-47d7cfe7f98c	Music	df765d93-621c-437f-99fe-fda9e135f89a	Cornelius	70
user_000001	672985dd-e599-4701-90c0-fe566db28349	Gum	df765d93-621c-437f-99fe-fda9e135f89a	Cornelius	63
user_000001	ead433ca-a4d6-462b-af46-afafe9b0f4ad	Child Song	7c158ea8-c0aa-410e-bdc1-20bba9759577	The Cinematic Orchestra	45
user_000001	213837d4-0582-49f0-9e45-977f92918323	Hibari	a7f7df4a-77d8-4f12-8acd-5c60c93f4de8	坂本龍一	42
user_000001	919b8a05-e1eb-4402-a2a8-7cc40fcede7c	To Build A Home	7c158ea8-c0aa-410e-bdc1-20bba9759577	The Cinematic Orchestra	41
user_000001	e8db4e5c-0637-4b5f-841b-9a9449c85997	Flite	7c158ea8-c0aa-410e-bdc1-20bba9759577	The Cinematic Orchestra	41
user_000001	afee5ea6-4363-4432-b700-eddbe2289c75	All That You Give	7c158ea8-c0aa-410e-bdc1-20bba9759577	The Cinematic Orchestra	38
user_000001	76ccedbc-ce16-4c2b-8c05-fe2749c219a9	Reckoner	a74b1b7f-71a5-4011-9441-d0b5e4122711	Radiohead	37
user_000001	475d4e50-cebb-4cd0-8cd4-c3df97987962	Tibetan Dance (Version)	a7f7df4a-77d8-4f12-8acd-5c60c93f4de8	坂本龍一	37
user_000001	fa9357ad-90d7-4b35-9b10-f8ad7a79ee64	Beautiful Burnout	ba2f4f3b-0293-4bc8-bb94-2f73b5207343	Underworld	33
user_000001	34b0af49-52b5-4fd8-ad61-1cd3173f8e2f	Clap & Whistle & Walking	df765d93-621c-437f-99fe-fda9e135f89a	Cornelius	33
user_000001	fafb03a7-f67a-467f-af51-d262f2aab353	Boy, Boy, Boy	ba2f4f3b-0293-4bc8-bb94-2f73b5207343	Underworld	32
user_000001	da3797ed-3989-45bc-94b7-d2226c778c40	Everything Is Alright	7d99d976-c247-4756-a250-f3de5c190866	Rasmus Faber	31
user_000001	f59bfff4-1784-4ef6-84e5-75da053ba39a	Familiar Ground	7c158ea8-c0aa-410e-bdc1-20bba9759577	The Cinematic Orchestra	31
user_000001	bf3552f0-c1a6-4cce-abf7-1c63e17334f1	Glam Bucket	ba2f4f3b-0293-4bc8-bb94-2f73b5207343	Underworld	31
user_000001	a4a085aa-6dbc-450f-bef7-e1fa3e72e0dc	Hwit	a7f7df4a-77d8-4f12-8acd-5c60c93f4de8	坂本龍一	31
user_000001	d0003ea9-bc8a-44c0-aaea-c7ede3a29328	Breezin'	df765d93-621c-437f-99fe-fda9e135f89a	Cornelius	30
user_000001	72722a8b-c17d-417f-888d-938f25009318	Parc	ba2f4f3b-0293-4bc8-bb94-2f73b5207343	Underworld	30
user_000001	46e14027-bee2-4b8a-a239-2f724a55d3f9	Wataridori	df765d93-621c-437f-99fe-fda9e135f89a	Cornelius	30
user_000001	0b5c0212-0736-447d-951d-99038ff4e526	Hitchhiker'S Choice	56a70482-5528-4bef-8da2-a33cf098ce9b	Minilogue	30
user_000001	4ea16024-911e-4546-ab3c-8a4e0e56e0a2	Loud	56a70482-5528-4bef-8da2-a33cf098ce9b	Minilogue	29
user_000001	340d9a0b-9a43-4098-b116-9f79811bd508	Crocodile (Innervisions Orchestra Mix)	ba2f4f3b-0293-4bc8-bb94-2f73b5207343	Underworld	29
user_000001	2c5fd4aa-e404-478d-a209-d189231f023e	Toner	df765d93-621c-437f-99fe-fda9e135f89a	Cornelius	28
user_000001	8fb3c24d-2ff0-4990-99df-1f83917719b8	Faxed Invitation	ba2f4f3b-0293-4bc8-bb94-2f73b5207343	Underworld	27
user_000001	f7c1f8f8-b935-45ed-8fc8-7def69d92a10	The Last Emperor (Theme)	a7f7df4a-77d8-4f12-8acd-5c60c93f4de8	坂本龍一	27
user_000001	f37348f8-e19e-4189-9ffd-61ceb71f4ff4	Beep It	df765d93-621c-437f-99fe-fda9e135f89a	Cornelius	27
user_000001	91d38638-b359-4a36-ac14-36678ed9943c	Out Of My Addiction Of Love (Feat. Miho Hatori & Peggy Honeywell)	440cb8ef-cee3-4711-8408-b1bd6e93f390	Towa Tei	27
user_000001	3981b60d-3aa2-4726-a689-bb2000dbf7ae	Takeshita Street	7e54d133-2525-4bc0-ae94-65584145a386	Plaid	27
user_000001	6b05a529-19e0-4939-b11a-bd828b2e06e2	Y.O.R. (Feat. Mademoiselle Yulia & Verbal)	440cb8ef-cee3-4711-8408-b1bd6e93f390	Towa Tei	27
user_000001	cb65edad-16e0-4f92-828b-1aab9b206fed	Ring Road	ba2f4f3b-0293-4bc8-bb94-2f73b5207343	Underworld	27
user_000001	20a5a368-3f4d-433b-897c-aa58590de72e	Lyricist (Feat. Meg)	440cb8ef-cee3-4711-8408-b1bd6e93f390	Towa Tei	27
user_000001	26040931-6cf0-4a03-b8a3-96477c390288	A.O.R. (Feat. Lina Ohta)	440cb8ef-cee3-4711-8408-b1bd6e93f390	Towa Tei	27
user_000001	fafd2ace-1cd6-4bd1-8da6-46eb052ca9a4	Twinkle Twinkle Little Star (Feat. Mitsuko Koike)	440cb8ef-cee3-4711-8408-b1bd6e93f390	Towa Tei	27
user_000001	c414ef7f-b7e5-4c3b-a112-2cb91883b6db	Ch. Galaxy	440cb8ef-cee3-4711-8408-b1bd6e93f390	Towa Tei	26
user_000001	fbcf45aa-bed6-4f7e-9f85-40d9715d413a	Multiply	0daf1c34-212a-442f-905d-c44f2adcc020	Jamie Lidell	26
user_000001	7c9a252c-011a-4417-9bc9-4cf003cbe36e	Good Morning Cockerel	ba2f4f3b-0293-4bc8-bb94-2f73b5207343	Underworld	26
user_000001	66cf86ec-8af4-41ef-bfac-c8f7db93b233	Bata	7e54d133-2525-4bc0-ae94-65584145a386	Plaid	26
user_000001	fc7c8c8e-b7f2-4af2-a613-f7c0c470fd45	Still Life	a7f7df4a-77d8-4f12-8acd-5c60c93f4de8	坂本龍一	26
user_000001	78d1d318-43c3-4f66-9e7e-501fd6a207cd	Omstart	df765d93-621c-437f-99fe-fda9e135f89a	Cornelius	26
user_000001	b0f5ba4d-10d8-45be-a2be-726af08c1aef	Vesna, Lastic & Elliott	ec4e96b9-a5fc-4eea-9c69-2cc2a395f46e	Scsi-9	26
user_000001	9f131f56-acc9-4201-86eb-884f7029b071	Taste Of You (Feat. Taprikk Sweezee)	440cb8ef-cee3-4711-8408-b1bd6e93f390	Towa Tei	26
user_000001	713a1709-ea7c-4804-bb0b-c0d9e01e76e7	Two Months Off	ba2f4f3b-0293-4bc8-bb94-2f73b5207343	Underworld	26
user_000001	46cff023-6c6e-4fb2-bf32-a6f499b3f879	Music For 18 Musicians: Section I	a3031680-c359-458f-a641-70ccbaec6a74	Steve Reich	26
user_000001	3d65ac9e-b266-4ccc-a6d6-72507dcfb973	Cuddle Bunny Vs The Celtic Villages	ba2f4f3b-0293-4bc8-bb94-2f73b5207343	Underworld	25
user_000001	e12c477d-5355-4d70-bad8-fcd49176e78c	Like A Rolling Stone	df765d93-621c-437f-99fe-fda9e135f89a	Cornelius	25
user_000001	c0682938-8cd2-44a1-9a21-cf59d5fe0efc	Scum	df765d93-621c-437f-99fe-fda9e135f89a	Cornelius	25
user_000001	749abc72-a63f-4c04-a886-bde40c903bd7	City Lights	b70dac8e-0aa1-4104-ac1d-968c61dfa7a2	William Pitt	25
user_000001	5d22887b-3ce0-4173-a665-1e43fa018b49	We All	56a70482-5528-4bef-8da2-a33cf098ce9b	Minilogue	25
user_000001	a5f274cc-a542-4b50-ab78-ac2c471b44e7	Asobi	3d2cd44b-9e77-4249-9d37-d8028e756693	Zazen Boys	25
user_000001	3a19d518-70c7-44e8-b4f7-d669127352b0	Not Hearing A Word	7e54d133-2525-4bc0-ae94-65584145a386	Plaid	25
user_000001	87199007-3498-4ac7-992f-fc2ba11563a8	To Heal	ba2f4f3b-0293-4bc8-bb94-2f73b5207343	Underworld	25
user_000001	af966937-bf14-4d7d-9ab2-a4f21ceaafc4	In The Red	a7f7df4a-77d8-4f12-8acd-5c60c93f4de8	坂本龍一	25
user_000001	f09f90f0-3634-4bf9-bbed-7aabda3bcc3c	Fit Song	df765d93-621c-437f-99fe-fda9e135f89a	Cornelius	24
user_000001	430eb7ac-ab5a-4aca-9253-5cfcefc2f03e	Nothing Will Change It	ec4e96b9-a5fc-4eea-9c69-2cc2a395f46e	Scsi-9	24
user_000001	d3a874a3-67f1-4c45-aae3-41539d1b6608	Crocodile	ba2f4f3b-0293-4bc8-bb94-2f73b5207343	Underworld	24
user_000001	e5be3063-0f68-4c28-8a4e-d19a354b0872	15 Step	a74b1b7f-71a5-4011-9441-d0b5e4122711	Radiohead	24
user_000001	ffb75522-83ff-4ffd-978b-aaf3e0175925	When I Die	b215b03a-8e0b-48ca-b832-bbbd0db504f0	矢野顕子	24
user_000001	7509553c-34a9-4901-812f-8a1ffbf27a83	La Ritournelle	ac69016f-42cc-4322-b70e-101458b769aa	Sébastien Tellier	24
user_000001	805286c4-ae0e-4773-9258-c9a2147270a7	You'Ve Got Me Thinking	2b87e134-b4a3-48d8-afac-9501d4c6e931	The Beloved	23
user_000001	fa57a061-1b29-4325-9562-d19baa91eef5	You Get Me (Feat. Josée Hurlock)	b2bbf316-ebae-4275-a0b2-58e3758a0dd7	Kuniyuki Takahashi	23
user_000001	8fa2de7e-49e0-4201-87ae-d9f2bab81730	Nude	a74b1b7f-71a5-4011-9441-d0b5e4122711	Radiohead	23
user_000001	d6efbd07-d8a9-4295-bbca-790fb2676dbc	Sleep Warm	df765d93-621c-437f-99fe-fda9e135f89a	Cornelius	23
user_000001	e92cfb34-0372-40ea-8d9b-18d7f4ba7e46	Holding The Moth	ba2f4f3b-0293-4bc8-bb94-2f73b5207343	Underworld	23
user_000001	7df60d83-c657-48f8-907e-41ecc7357791	Alright (Interlude)	7d99d976-c247-4756-a250-f3de5c190866	Rasmus Faber	23
user_000001	c605c224-245b-4107-b9cd-ab1b2c6adb0a	Mind Wall (Feat. Miho Hatori)	440cb8ef-cee3-4711-8408-b1bd6e93f390	Towa Tei	23
user_000001	0b387abb-4ad6-4dc5-855d-e6a4df608df0	We'Re In Love	eddab03d-b673-4b70-863f-6a9cf45a779f	Herbert	23
user_000001	dc394163-2b78-4b56-94e4-658597a29ef8	Boy, Boy, Boy (Switch Remix)	ba2f4f3b-0293-4bc8-bb94-2f73b5207343	Underworld	22
user_000001	4b50a6c9-14d6-43fa-b3b8-6f6b46c97b1e	Hydrosphere	7e54d133-2525-4bc0-ae94-65584145a386	Plaid	22
user_000001	5d986e52-6d39-4573-9bf9-65edc8f6e7f9	Josephine	c707b37e-cb5c-4694-be4d-46beefcb2475	Chris Rea	22
user_000001	5797f071-7478-433b-82ef-eb34c77c257f	Tu Eres Mas	ec4e96b9-a5fc-4eea-9c69-2cc2a395f46e	Scsi-9	22
user_000001	a345146f-41f8-484e-a03a-e2c86a424ba1	Bodysnatchers	a74b1b7f-71a5-4011-9441-d0b5e4122711	Radiohead	22
user_000001	909bcc7c-e81a-41bd-b4c8-d4ce835f9432	Nostalgia	a7f7df4a-77d8-4f12-8acd-5c60c93f4de8	坂本龍一	22
user_000001	a0836f48-b83d-4983-a779-9f8489c5f3c9	Siesta	440cb8ef-cee3-4711-8408-b1bd6e93f390	Towa Tei	22
user_000001	8618e305-4289-4574-8acc-d5d8ec6b7411	House Of Cards	a74b1b7f-71a5-4011-9441-d0b5e4122711	Radiohead	21
user_000001	0198d56b-a92f-4596-a206-9e136f56e39f	Evacuation Plan	b215b03a-8e0b-48ca-b832-bbbd0db504f0	矢野顕子	21
user_000001	47a3f152-ce09-409f-8acd-1cb597ab60c4	Waterglide	ec4e96b9-a5fc-4eea-9c69-2cc2a395f46e	Scsi-9	21
user_000001	64e65892-1ab9-4c7c-a9df-18bee9a1015f	Easy As Down	ec4e96b9-a5fc-4eea-9c69-2cc2a395f46e	Scsi-9	21
user_000001	f74b48a6-5a60-4b5a-864d-3ecb7e983c31	Weird Fishes/Arpeggi	a74b1b7f-71a5-4011-9441-d0b5e4122711	Radiohead	21
user_000001	589b646f-22ca-43d4-988b-88e36f8f6356	Ishus	7e54d133-2525-4bc0-ae94-65584145a386	Plaid	21
user_000001	ef495231-fb04-408e-86da-5c9bd26054e8	Born Slippy (Nuxx)	ba2f4f3b-0293-4bc8-bb94-2f73b5207343	Underworld	21
user_000001	2bbcac36-d345-4cfe-8cc2-6b8283d6d279	Best Mamgu Ever	ba2f4f3b-0293-4bc8-bb94-2f73b5207343	Underworld	21
user_000001	5cc6647d-116c-472d-a118-52a7a426e488	Free	b2bbf316-ebae-4275-a0b2-58e3758a0dd7	Kuniyuki Takahashi	21
user_000001	ef756a43-0905-4e59-8f05-a6b2bd977aa8	Dayvan Cowboy	69158f97-4c07-4c4e-baf8-4e4ab1ed666e	Boards Of Canada	21
user_000001	c51c4795-788b-45dd-bb61-28b08b14fbd3	South Eastern Dream	0356daee-ec48-4495-bc3e-460b8a5eacad	London Elektricity	21
user_000001	c1680617-1a68-4ca9-8fa3-11465dc54b96	Sunrays	ce7cfb6e-2a6f-4d3d-8f13-0a5e73307025	The Other People Place	21
user_000001	4690ff3e-b034-44a0-ac1e-29e63e176c42	Birds Of A Feather	eddab03d-b673-4b70-863f-6a9cf45a779f	Herbert	21
user_000001	37e0822b-cd4a-49d9-9fe1-11bffbdb8643	Honnoji	3d2cd44b-9e77-4249-9d37-d8028e756693	Zazen Boys	21
user_000001	614fe1f9-b635-4ddc-a4cb-03116750cbc0	La Esquina	1292906d-cd67-4158-a3d6-19c7c9df3e8f	Loco Dice	21
user_000001	6d38ca02-3983-41f3-9fe5-3c0a3f1ef343	All Hell Is Breaking Loose	0356daee-ec48-4495-bc3e-460b8a5eacad	London Elektricity	21
user_000001	b891ab90-ae04-430f-9aa9-a676b8f2d7f7	Firewater	a7f7df4a-77d8-4f12-8acd-5c60c93f4de8	坂本龍一	21
user_000001	07af4a05-5d2d-41d2-9cc4-24749d1284ad	The Movers And The Shakers	eddab03d-b673-4b70-863f-6a9cf45a779f	Herbert	21
user_000001	093e5b53-d25e-4e26-9479-285508e19b33	Prelude	7c158ea8-c0aa-410e-bdc1-20bba9759577	The Cinematic Orchestra	21
user_000001	f7fccd11-9248-4ed4-88c7-55f39b5cbb4a	All	440cb8ef-cee3-4711-8408-b1bd6e93f390	Towa Tei	20
user_000001	222ac399-5390-433c-9f1a-e411366ddbf4	The Long Time Now	b215b03a-8e0b-48ca-b832-bbbd0db504f0	矢野顕子	20
user_000001	590a8a6c-e2fe-483b-af0d-2b7ca7ef1267	Black Truffles In The Snow	1292906d-cd67-4158-a3d6-19c7c9df3e8f	Loco Dice	20
user_000001	aa9c5a80-5cbe-42aa-a966-eb3cfa37d832	The Return Of Super Barrio - End Credits	09a114d9-7723-4e14-b524-379697f6d2b5	Plaid & Bob Jaroc	20
user_000001	4e675192-251b-4851-a4f7-d130504aba07	Veisalgia	7e54d133-2525-4bc0-ae94-65584145a386	Plaid	20
user_000001	86c2bc8d-bf0a-45d9-9b44-0d5f1d4c9bfc	Place St. Georges	35fbde6c-62a9-4687-b19d-8cdc2d29b29e	Shazz	20
user_000001	0fc861d0-4c3b-4a86-8f5f-c69fb54b2c41	Boys Away	ec4e96b9-a5fc-4eea-9c69-2cc2a395f46e	Scsi-9	20
user_000001	5323654e-639d-4e8c-a944-b758699bb4de	Breathe	7c158ea8-c0aa-410e-bdc1-20bba9759577	The Cinematic Orchestra	20
user_000001	55f75a8b-b142-4f9e-ac32-19216683f409	Something Isn'T Right	eddab03d-b673-4b70-863f-6a9cf45a779f	Herbert	20
user_000001	968e7c11-3aa2-4932-9ea7-8a49aabf3747	Tama	a7f7df4a-77d8-4f12-8acd-5c60c93f4de8	坂本龍一	20
user_000001	31600df4-e6dd-48ca-9f6b-8804027d8d6e	Jigsaw Falling Into Place	a74b1b7f-71a5-4011-9441-d0b5e4122711	Radiohead	20
user_000001	e8c61f99-9a99-4976-878c-b1f26364e05a	Non Hoi	7e54d133-2525-4bc0-ae94-65584145a386	Plaid	20
user_000001	584591b1-a5db-4c0e-b045-03fddec105bf	Seizure	7e54d133-2525-4bc0-ae94-65584145a386	Plaid	19
user_000001	492408cc-306b-47d6-bb72-16aff50090c3	Harmonise	eddab03d-b673-4b70-863f-6a9cf45a779f	Herbert	19
user_000001	7cf60b11-fd28-4464-8882-038d9e818340	Melt!	fc7376fe-1a6f-4414-b4a7-83f50ed59c92	Flying Lotus	19
user_000001	eb74e745-4bdd-46e2-a5ee-4ef4377cc71b	Cascades Of Colour	f4c22ea4-a21f-43e4-8271-731defce1476	The Ananda Project	19
user_000001	7167699e-2612-4f38-8917-e654ed034ad9	Look What You'Re Doin' To Me (Feat. Phonte)	b5a6ea29-3065-4869-ac66-a44002e55d4d	Jazzanova	19
user_000001	268b6266-29ce-4822-9f58-70034a8edb4a	Where Is The Line	87c5dedd-371d-4a53-9f7f-80522fb7f3cb	Björk	19
user_000001	8e403cac-eebe-48de-8c4e-fd73c455e0bc	Beginners Falafel	fc7376fe-1a6f-4414-b4a7-83f50ed59c92	Flying Lotus	19
user_000001	aa7712f9-09d7-4794-898e-2f52e155a70b	Camel	fc7376fe-1a6f-4414-b4a7-83f50ed59c92	Flying Lotus	19
user_000001	6cb53c54-3eba-4331-92a7-a5ec24c9416a	How Do I Know?!	1292906d-cd67-4158-a3d6-19c7c9df3e8f	Loco Dice	19
user_000001	29ecce85-b4c5-462e-abba-2e97176fe39a	Happy Up Here	1c70a3fc-fa3c-4be1-8b55-c3192db8a884	Röyksopp	19
user_000001	df464152-1b77-49e7-81f6-c2e3fe1ff43b	Where Does The Past End And The Present Begin?	fa905866-03a9-42dd-a5c3-9b07cd1c0bc8	Ian O'Brien	19
user_000001	2a1fbbed-7280-4640-b885-639eb372f632	Song For The Sun	b215b03a-8e0b-48ca-b832-bbbd0db504f0	矢野顕子	19
user_000001	72c6b4d3-71a8-4c70-bf50-da11c0149089	All I Need	a74b1b7f-71a5-4011-9441-d0b5e4122711	Radiohead	19
user_000001	44c211b4-607b-451b-827c-2a6ecd88cdcd	Pearls Girl	ba2f4f3b-0293-4bc8-bb94-2f73b5207343	Underworld	19
user_000001	5a1815ef-46ab-46c0-a8a4-f01011b66f2c	33 000 Honeybees	56a70482-5528-4bef-8da2-a33cf098ce9b	Minilogue	19
user_000001	d8ee53c2-5b25-4e98-9f6f-d0538d363cc6	Disko	a7f7df4a-77d8-4f12-8acd-5c60c93f4de8	坂本龍一	19
user_000001	55ad457f-1771-488c-b5e0-0896d53be8b3	Cow, Crickets And Clay	56a70482-5528-4bef-8da2-a33cf098ce9b	Minilogue	18
user_000001	ddd0f707-57af-491f-9ea1-991f62e5335f	Glacier	a7f7df4a-77d8-4f12-8acd-5c60c93f4de8	坂本龍一	18
user_000001	c00b7430-86f3-4da0-a148-7a6964f28773	Ode To The Big Sea	7c158ea8-c0aa-410e-bdc1-20bba9759577	The Cinematic Orchestra	18
user_000001	b3df7881-06ed-45f7-bbdf-93c67b6a9fa6	Think Of You (Piano Re-Edit)	b2bbf316-ebae-4275-a0b2-58e3758a0dd7	Kuniyuki Takahashi	18
user_000001	dabcd184-1cf7-4b94-8fce-6f1aa5e6ef57	Idiot Funk	3d2cd44b-9e77-4249-9d37-d8028e756693	Zazen Boys	18
user_000001	e74d1939-683d-4a00-bf00-7321963623ac	Beautiful Burnout (Pig & Dan Remix)	ba2f4f3b-0293-4bc8-bb94-2f73b5207343	Underworld	18
user_000001	47916e82-d966-4cdc-bd65-c2c0806b54f8	Ice	a7f7df4a-77d8-4f12-8acd-5c60c93f4de8	坂本龍一	18
user_000001	e624889c-79c7-48e8-aa85-3ad9c9178650	The Girl And The Robot	1c70a3fc-fa3c-4be1-8b55-c3192db8a884	Röyksopp	18
user_000001	732d4f31-bc75-414c-8690-e62961678c43	Durban Pain	7e54d133-2525-4bc0-ae94-65584145a386	Plaid	18
user_000001	70996930-dea6-47bd-878c-36a8f5dbf61b	Listen To The Music	7bee6a4d-c00e-4a13-b52b-2af21f6a5c7e	Neon Heights	18
user_000001	1e6e3ffd-3c1c-4b56-9a45-95110a0330f8	Minuano (Six Eight)	66a7f1f8-0ad6-4e3a-9346-a643e2739a8c	Pat Metheny Group	18
user_000001	393470ee-df09-46be-b4a1-915eb7034538	Seeking	7e54d133-2525-4bc0-ae94-65584145a386	Plaid	18
user_000001	447d72a5-a355-4844-afcb-5b02f42f2773	Who Is It	87c5dedd-371d-4a53-9f7f-80522fb7f3cb	Björk	18
user_000001	fd59a195-fee3-450c-92c6-b8917ece0c55	Orchard	7e54d133-2525-4bc0-ae94-65584145a386	Plaid	17
user_000001	125ecfef-323f-403a-9171-af5c1074470a	A Perfect Day	51d002d6-ff53-4fa1-88eb-503549538b5e	Bobby Cole	17
user_000001	05ef9a7c-edab-4937-9c46-6bf572017d14	Whole Lotta Love	b215b03a-8e0b-48ca-b832-bbbd0db504f0	矢野顕子	17
user_000001	49a834fb-3ea1-43f7-b6fe-f960f0a77e07	As (Part 1: Perspicacity)	fa905866-03a9-42dd-a5c3-9b07cd1c0bc8	Ian O'Brien	17
user_000001	ec6a408b-427c-4fdc-8f52-7791c3e9ea3e	The Rime	ec4e96b9-a5fc-4eea-9c69-2cc2a395f46e	Scsi-9	17
user_000001	33b99d25-7c14-4cc3-b7a0-d97489fb92d1	Landed (Feat. Justin Chapman And Genevieve Marantette)	51d2e0dc-6e8b-4833-a05c-c505a3161051	Recloose	17
user_000001	b4791d03-f64e-417e-ac78-cdb907b2fab6	To Stanford	a7f7df4a-77d8-4f12-8acd-5c60c93f4de8	坂本龍一	17
user_000001	ffac3cb1-a5e9-4f31-952d-45323f3640d5	Faust Arp	a74b1b7f-71a5-4011-9441-d0b5e4122711	Radiohead	17
user_000001	6a21684d-9779-491e-b688-e36861ed4450	Consequently Eccentric And Delicate	1292906d-cd67-4158-a3d6-19c7c9df3e8f	Loco Dice	17
user_000001	27f672f1-2dac-455b-8841-19e950d6f737	Comet Course	fc7376fe-1a6f-4414-b4a7-83f50ed59c92	Flying Lotus	17
user_000001	268baf7b-f29b-4c31-b2a4-60f9398c1f0b	Always	7d99d976-c247-4756-a250-f3de5c190866	Rasmus Faber	17
user_000001	ddc1605e-b324-4fc1-bb3e-33397261bf32	Attack Ships On Fire	0356daee-ec48-4495-bc3e-460b8a5eacad	London Elektricity	17
user_000001	0b00437a-d7d4-45b7-b4f0-d21700f5d749	しまった	b215b03a-8e0b-48ca-b832-bbbd0db504f0	矢野顕子	17
user_000001	b8a73773-f8fe-48dc-8428-f303d23bbc34	Weekend	3d2cd44b-9e77-4249-9d37-d8028e756693	Zazen Boys	17
user_000001	c9dd6a93-7dff-4fc2-aebd-e11a096781a5	Moving Like A Train	eddab03d-b673-4b70-863f-6a9cf45a779f	Herbert	17
user_000001	ca91921c-99a5-4db7-8cc0-b35ca18c2ee1	Township Funk	565eef0d-e708-42e8-9f45-cd11849e233a	Dj Mujava	17
user_000001	1669418a-b796-429d-8ef6-033fea0a079d	Vökuró	87c5dedd-371d-4a53-9f7f-80522fb7f3cb	Björk	16
user_000001	f595035d-f038-4313-907a-3a50f5389eaf	Polkadot Blues	3d403d44-36ce-465c-ad43-ae877e65adc4	Hudson Mohawke	16
user_000001	03156214-005e-456f-a5e3-0df32024fdad	A Dear African Sky (African Dub Mix) (Feat. Omar Guaindefall)	b2bbf316-ebae-4275-a0b2-58e3758a0dd7	Kuniyuki Takahashi	16
user_000001	a24e4451-e824-482b-a606-9861169418b4	Host	7e54d133-2525-4bc0-ae94-65584145a386	Plaid	16
user_000001	aaa1c953-44c9-4c84-a8ec-6066235c04c3	The Star Spangle-Gayo	df765d93-621c-437f-99fe-fda9e135f89a	Cornelius	16
user_000001	184db813-033a-419e-a5ee-d81db3d4334f	Memories	3d2cd44b-9e77-4249-9d37-d8028e756693	Zazen Boys	16
user_000001	d1bbc186-235a-47cd-bf51-bd084c567c55	Jumbo	ba2f4f3b-0293-4bc8-bb94-2f73b5207343	Underworld	16
user_000001	2abe3918-951c-4bb6-85fb-7150f15f4028	Point Of No Return	0356daee-ec48-4495-bc3e-460b8a5eacad	London Elektricity	16
user_000001	31566571-eac1-4f24-8072-15962cd4b006	Touch	b2bbf316-ebae-4275-a0b2-58e3758a0dd7	Kuniyuki Takahashi	16
user_000001	5fd224f1-14fc-42cc-a3e2-3ca80ee397cf	So May It Secretly Begin	6a8bd368-c0a9-4e15-9a97-154d00e6a751	Pat Metheny Trio	16
user_000001	601b3efb-24f9-4d63-8d27-3e13789fb03e	Amorous Perspective	fa905866-03a9-42dd-a5c3-9b07cd1c0bc8	Ian O'Brien	16
user_000001	26d7b347-a2b1-4136-b7d6-dd5518821dc6	Those Feelings	eddab03d-b673-4b70-863f-6a9cf45a779f	Herbert	16
user_000001	ed6b0da1-b781-4c22-be7a-6ddfeec28042	Vision One	1c70a3fc-fa3c-4be1-8b55-c3192db8a884	Röyksopp	16
user_000001	88b7cfc0-8573-40b1-84ad-9b923048ca5c	Natural Knowledge	fa905866-03a9-42dd-a5c3-9b07cd1c0bc8	Ian O'Brien	16
user_000001	019cc5d9-1aaf-4687-b0af-6bc83bbccf0b	Breathe . Something/Stellar Star	fc7376fe-1a6f-4414-b4a7-83f50ed59c92	Flying Lotus	16
user_000001	d8a1f18b-3bd3-49ed-bdaf-db271c189010	A Moment Of Clarity	69158f97-4c07-4c4e-baf8-4e4ab1ed666e	Boards Of Canada	15
user_000001	4dc393d8-f288-41aa-ac7f-177a19a7bad3	Instrumental	f6ed9964-eb6b-4bed-81f9-277a2c50a833	Milosh	15
user_000001	13733677-69bc-427d-ae7f-1f2e70538e5f	The Guitar Song (Original Mix)	b2bbf316-ebae-4275-a0b2-58e3758a0dd7	Kuniyuki Takahashi	15
user_000001	38a34f93-7d67-466f-b4d9-f4817ba08831	Ring Road (Autokratz Remix)	ba2f4f3b-0293-4bc8-bb94-2f73b5207343	Underworld	15
user_000001	41a59963-411e-454c-a719-5bbc73ccb3f7	Tight Laces	1292906d-cd67-4158-a3d6-19c7c9df3e8f	Loco Dice	15
user_000001	b2379922-b2fd-421f-bc62-dc18199346f8	Seiltänzer	76da816f-ea05-4172-ad9e-ffb69c32199f	Richie Hawtin	15
user_000001	68890e25-1b38-493d-8566-8df8dedf377c	Merry Christmas Mr. Lawrence (Theme) (Live)	a7f7df4a-77d8-4f12-8acd-5c60c93f4de8	坂本龍一	15
user_000001	b9ce9796-1556-4b19-b16e-1439869ef394	Blazin' (Modeselektor Remix)	f06e6e44-1083-4283-86e9-8ccfc6ef6649	Ghislain Poirier	15
user_000001	3ac42f3e-8e21-44e4-b141-ca00a73103ec	Show Me Forgiveness	87c5dedd-371d-4a53-9f7f-80522fb7f3cb	Björk	15
user_000001	8d398a72-95da-44d8-b273-5d9000ced958	You Fill Me	f6ed9964-eb6b-4bed-81f9-277a2c50a833	Milosh	15
user_000001	1b2053e7-fb9e-4b7e-8ec8-548d4f42cafe	Orbit 405	fc7376fe-1a6f-4414-b4a7-83f50ed59c92	Flying Lotus	15
user_000001	c5a65922-fb8e-4814-97e9-762ac24cf3b3	Tokyo Drive	7e54d133-2525-4bc0-ae94-65584145a386	Plaid	15
user_000001	a3148e8a-81cc-4dec-93fb-edd33cd5303f	Last Train Home	66a7f1f8-0ad6-4e3a-9346-a643e2739a8c	Pat Metheny Group	15
user_000001	34dd6dec-faf2-4987-9b1f-78b7b345c2b4	I Don'T Mind	7d99d976-c247-4756-a250-f3de5c190866	Rasmus Faber	15
user_000001	60a9900d-4d2a-4812-8e40-be7b3cd2df73	Midnight Sunshine	fa905866-03a9-42dd-a5c3-9b07cd1c0bc8	Ian O'Brien	15
user_000001	97d2ae22-d794-49f5-be1a-c97280822d72	K3	7e54d133-2525-4bc0-ae94-65584145a386	Plaid	15
user_000001	0f304da7-b86c-4a09-ad19-9ad3767dbd27	Together	ec4e96b9-a5fc-4eea-9c69-2cc2a395f46e	Scsi-9	15
user_000001	9632c30e-49c7-4282-8910-6d7919c5e8fd	Öll Birtan	87c5dedd-371d-4a53-9f7f-80522fb7f3cb	Björk	15
user_000001	5d4a7d76-0228-4de3-b934-a6188c155915	The Session (Kuniyuki'S Piano Mix) (Feat. Henrik Schwarz & Yoshihiro Tsukahara)	b2bbf316-ebae-4275-a0b2-58e3758a0dd7	Kuniyuki Takahashi	15
user_000001	9e781e82-e26e-44da-913a-4a0bd39af87b	This Must Be It	1c70a3fc-fa3c-4be1-8b55-c3192db8a884	Röyksopp	15
user_000001	9795de65-a9f2-4bbb-a5e2-e3419abcb0f1	Couldn'T Sleep	f6ed9964-eb6b-4bed-81f9-277a2c50a833	Milosh	15
user_000001	be4f72cd-42c7-487b-b670-a4deb3054687	Gm Memory	7e66c9f6-2451-408e-88ff-2af55276caf1	Opiate	15
user_000001	c3ab11a5-3fd3-4e03-be70-30300519de6a	Videotape	a74b1b7f-71a5-4011-9441-d0b5e4122711	Radiohead	15
user_000001	53873c2e-fa80-4dc4-b3aa-c988c866e557	Animals	56a70482-5528-4bef-8da2-a33cf098ce9b	Minilogue	14
user_000001	54334ffe-ad2d-407a-a712-75749b29f746	Push Upstairs	ba2f4f3b-0293-4bc8-bb94-2f73b5207343	Underworld	14
user_000001	eb78521a-b57b-4e0c-9b94-83e1b437b82a	'84 Pontiac Dream	69158f97-4c07-4c4e-baf8-4e4ab1ed666e	Boards Of Canada	14
user_000001	1cd6bd0e-08e6-47de-ba1e-94c9f11f5bf3	Fureai	3d2cd44b-9e77-4249-9d37-d8028e756693	Zazen Boys	14
user_000001	76d4b398-78c5-4cb8-9cce-7d9bd402f58f	Week Is A Drift	d60315b1-e2f8-4c61-8930-c269b03b57bf	Manual	14
user_000001	0a85de87-ab60-4b07-a633-946fb764dd63	Golden Diva	fc7376fe-1a6f-4414-b4a7-83f50ed59c92	Flying Lotus	14
user_000001	34cd8516-2246-4f08-b19b-d03a9cc0caf8	Monde	3d403d44-36ce-465c-ad43-ae877e65adc4	Hudson Mohawke	14
user_000001	ba4f6d9a-ba24-4455-b21e-f273195b1d12	Submarine	87c5dedd-371d-4a53-9f7f-80522fb7f3cb	Björk	14
user_000001	caaba371-5da7-4adc-8546-608e2865d9ef	Ring Road (Kris Menace Remix)	ba2f4f3b-0293-4bc8-bb94-2f73b5207343	Underworld	14
user_000001	90da05fc-9d90-4244-8ac3-6ddeb0cf1fb5	Hey Saturday Sun	69158f97-4c07-4c4e-baf8-4e4ab1ed666e	Boards Of Canada	14
user_000001	a980d3c9-7ad5-4312-a610-e66d7be038d4	Down	eddab03d-b673-4b70-863f-6a9cf45a779f	Herbert	14
user_000001	bf9efa7b-e665-48e4-bbac-5ec954c2c016	Desired Constellation	87c5dedd-371d-4a53-9f7f-80522fb7f3cb	Björk	14
user_000001	ed5623cb-9b6b-45e5-aec4-c6cd92379ff0	Two Rooms	7e54d133-2525-4bc0-ae94-65584145a386	Plaid	14
user_000001	e7638bb7-bf57-4352-ad29-6b40f2735514	Got Leaks In The Roof	1292906d-cd67-4158-a3d6-19c7c9df3e8f	Loco Dice	14
user_000001	4a6f8ef5-8d2f-41a8-80f1-581e73a898aa	Beautiful Burnout (Mark Knight Remix)	ba2f4f3b-0293-4bc8-bb94-2f73b5207343	Underworld	14
user_000001	05182b53-d942-4e39-9d87-3e62658898ff	Loads Of Birds	ba2f4f3b-0293-4bc8-bb94-2f73b5207343	Underworld	14
user_000001	2042e6d3-eb99-42e3-92ef-dd3e07a28c5a	Movie Star	eddab03d-b673-4b70-863f-6a9cf45a779f	Herbert	13
user_000001	0edf905f-4407-4e5f-8410-e50c3d71c8ac	Outta Love (4 Hero Remix)	7935ac9d-f99f-4659-8eb4-59dc1d20e811	Reel People	13
user_000001	18e3e800-2d0f-4b9e-a02e-1567678089b1	変わるし	b215b03a-8e0b-48ca-b832-bbbd0db504f0	矢野顕子	13
user_000001	42718cad-6505-433e-ac69-727342c73dd1	(It'S Just) Talk	66a7f1f8-0ad6-4e3a-9346-a643e2739a8c	Pat Metheny Group	13
user_000001	8cf74dba-4e66-41a9-8ab5-3c7aa64a6e4b	いい子だね	b215b03a-8e0b-48ca-b832-bbbd0db504f0	矢野顕子	13
user_000001	e68e2cc8-5bd1-4582-ac0c-4cf42fb0b2e8	Blue Wolf From North	ec4e96b9-a5fc-4eea-9c69-2cc2a395f46e	Scsi-9	13
user_000001	dec150bb-24cc-4d99-a298-e72dfb891272	People Are Strange	b215b03a-8e0b-48ca-b832-bbbd0db504f0	矢野顕子	13
user_000001	9b0d3374-7968-4844-9bac-8b9397eccd42	Sherbet Head	69158f97-4c07-4c4e-baf8-4e4ab1ed666e	Boards Of Canada	13
user_000001	2a44c933-5c40-4a15-85b4-79d755b80287	Outnumbered	0356daee-ec48-4495-bc3e-460b8a5eacad	London Elektricity	13
user_000001	5ef7465f-ebaf-45ac-98a1-4ac7fb604fe4	Uv Sine	a78d2a35-c083-4179-a5d8-49f84e5ec863	The Black Dog	13
user_000001	04049f3b-2fda-460f-a3ea-05f0418792c1	Composition 0919	a7f7df4a-77d8-4f12-8acd-5c60c93f4de8	坂本龍一	13
user_000001	b40cef20-cf9f-4822-815b-51de76d03641	Speed Stick	3d403d44-36ce-465c-ad43-ae877e65adc4	Hudson Mohawke	13
user_000001	a3c49027-eb58-4e16-8848-28a857f936cd	Oscar See Through Red Eye	69158f97-4c07-4c4e-baf8-4e4ab1ed666e	Boards Of Canada	13
user_000001	f1acac68-7986-40e1-9a68-bf5c34ae4d4b	Pimp Jackson Is Talkin' Now!!!	1292906d-cd67-4158-a3d6-19c7c9df3e8f	Loco Dice	13
user_000001	4a52729b-902d-4447-998f-9c32ac16db29	Gigantic Days	fa905866-03a9-42dd-a5c3-9b07cd1c0bc8	Ian O'Brien	13
user_000001	f817c371-6029-45ae-8f9f-08eeff26b0f2	Slow This Bird Down	69158f97-4c07-4c4e-baf8-4e4ab1ed666e	Boards Of Canada	13
user_000001	cf1a84bd-613d-4962-abf6-0115232a2e2a	Visioning	76da816f-ea05-4172-ad9e-ffb69c32199f	Richie Hawtin	13
user_000001	3ca05a3e-6cac-4d57-b16f-a99a2861b2c0	Constants Are Changing	69158f97-4c07-4c4e-baf8-4e4ab1ed666e	Boards Of Canada	13
user_000001	32184ab4-9ff9-4beb-8720-7200673b0353	Ataronchronon	69158f97-4c07-4c4e-baf8-4e4ab1ed666e	Boards Of Canada	13
user_000001	ee72c567-b4e5-4553-9cc4-97319ad88dee	Jamaica	56a70482-5528-4bef-8da2-a33cf098ce9b	Minilogue	13
user_000001	b76ba7dc-8334-408b-9982-a8efe7d6e248	Röyksopp Forever	1c70a3fc-fa3c-4be1-8b55-c3192db8a884	Röyksopp	13
user_000001	bc0b6db5-1391-4136-be85-f98f3ef2d150	Ooh Be Do	7e54d133-2525-4bc0-ae94-65584145a386	Plaid	12
user_000001	a3a4c936-58aa-429f-b3c2-b7f057a6c65b	A Bit Patchy (Radio Edit)	95f7588e-a838-464e-a03a-348ea93503f8	Switch	12
user_000001	e01c89ba-8fb1-4b0f-8483-9338348dc27b	Volcan Veins	eab8228c-a9c8-4ddb-a93d-ffca74a379bf	Clark	12
user_000001	14725b7f-657f-4b68-b7ba-6b7c74ea67dc	The Wall	b215b03a-8e0b-48ca-b832-bbbd0db504f0	矢野顕子	12
user_000001	82aadd9e-5f71-45d1-a44d-b6f1652fde01	Sensuous	df765d93-621c-437f-99fe-fda9e135f89a	Cornelius	12
user_000001	ab1f0585-3001-40a5-8bbe-3e63c5c5eb62	All These Things (Feat. Josée Hurlock)	b2bbf316-ebae-4275-a0b2-58e3758a0dd7	Kuniyuki Takahashi	12
user_000001	1d3b3b32-2e9e-4bf4-98f5-49a377d00ad9	Yonard	3d403d44-36ce-465c-ad43-ae877e65adc4	Hudson Mohawke	12
user_000001	c327246a-ae05-4262-921c-f55536bfdb55	Dita Dimone	ad9f40c8-6e7e-40eb-89b2-22c455305824	Pop Levi	12
user_000001	9f2261c7-a501-4148-a05a-9226af07ec4a	Sonnets / Unrealities Xi	87c5dedd-371d-4a53-9f7f-80522fb7f3cb	Björk	12
user_000001	b9b9dc00-a73d-455b-b5fc-030a4177efb5	Masato Shuffle	7e54d133-2525-4bc0-ae94-65584145a386	Plaid	12
user_000001	feef582f-a1f9-4de8-9d4c-ca7515290ead	Velvet Peel	3d403d44-36ce-465c-ad43-ae877e65adc4	Hudson Mohawke	12
user_000001	d0423e9d-c956-4de3-b91f-9521b76331db	Oceania	87c5dedd-371d-4a53-9f7f-80522fb7f3cb	Björk	12
user_000001	1e8efb50-40b8-4739-8abb-97e9650d7f6a	Pagan Poetry	87c5dedd-371d-4a53-9f7f-80522fb7f3cb	Björk	12
user_000001	46bad5ad-4ec1-4470-b5e6-927c62af0bf9	Where We Belong	7d99d976-c247-4756-a250-f3de5c190866	Rasmus Faber	12
user_000001	29b6b62c-5426-4257-a3de-56b5cd623e32	Movin' On	878e89cb-5509-4fa1-b429-f05e762a619b	Kawabata	12
user_000001	e4cc6461-c863-4482-991d-327cbdc2474e	Riot	fc7376fe-1a6f-4414-b4a7-83f50ed59c92	Flying Lotus	12
user_000001	1f1df547-0e80-4b8d-b29e-bf3f137fcd8b	Squance	7e54d133-2525-4bc0-ae94-65584145a386	Plaid	12
user_000001	2658934a-2096-4b51-99cf-62979909c3d5	Nightlite	9a709693-b4f8-4da9-8cc1-038c911a61be	Bonobo	12
user_000001	c4ab5081-51e6-41de-a790-b545d3b13a26	Third Wind	66a7f1f8-0ad6-4e3a-9346-a643e2739a8c	Pat Metheny Group	12
user_000001	09fbe958-7e1a-42dc-a979-604a5af554eb	Kleine Nachtmusik	738f5d0d-3704-44db-823f-8ddad2dc1508	Stimming	12
user_000001	307307e5-aa4a-4de4-a96e-5a260fb3bb80	White Is In The Winter Night	4967c0a1-b9f3-465e-8440-4598fd9fc33c	Enya	12
user_000001	04be389b-e44f-46c3-9ff3-2a0f0c3beda7	Agua	1b5fd405-d029-4d42-9275-8fc6ed917cf6	Zeep	12
user_000001	3b815a25-4453-46de-a86a-ad6bde2385ac	For Wolves Crew	eab8228c-a9c8-4ddb-a93d-ffca74a379bf	Clark	12
user_000001	7d3f432b-f863-48ed-bf03-0e1644a63bee	Truncation Horn	eab8228c-a9c8-4ddb-a93d-ffca74a379bf	Clark	12
user_000001	eef9c878-691d-403d-895a-8e79d0b911db	Uska	0356daee-ec48-4495-bc3e-460b8a5eacad	London Elektricity	12
user_000001	cf2ba42b-dacb-4092-b0ca-eeb120692b5f	My Dear Friend (Feat. Ian O'Brien)	b2bbf316-ebae-4275-a0b2-58e3758a0dd7	Kuniyuki Takahashi	12
user_000001	3785cd62-4f04-49ee-a2ab-587956152891	Bloodstone	630662ea-1c7d-4208-99fd-ba3afec20f0c	Amon Tobin	12
user_000001	4d0e865c-9ac8-4aaa-8401-4c1400342e7d	Overnight	3d403d44-36ce-465c-ad43-ae877e65adc4	Hudson Mohawke	12
user_000001	7d9f5d7c-dcb8-4398-adf4-867f4d111288	Traveller Toccata	7d99d976-c247-4756-a250-f3de5c190866	Rasmus Faber	12
user_000001	3bba65e2-4457-4de4-90d4-5abc8e7b8872	2	14b12cd1-d6d8-48e2-bc09-b17fec6ec23a	Acustic	12
user_000001	7496d879-539b-499c-b67a-4208795010bf	Outtro	ec4e96b9-a5fc-4eea-9c69-2cc2a395f46e	Scsi-9	12
user_000001	9c043b2d-727e-4549-a833-cb96544832b8	Take 5	a7835277-ab17-4506-a033-60f018757b84	Bugge Wesseltoft	12
user_000001	bf9608a2-9f12-4b33-a870-58dcb9e3155a	Getting Dumb	9abfb2cd-7a7f-444a-b1db-7e5dd1def050	Cadence Weapon	11
user_000001	2b60f96d-7440-4dd6-ada2-0fc1a8a07496	Zamami	7e54d133-2525-4bc0-ae94-65584145a386	Plaid	11
user_000001	f0d18ade-74b5-4a3d-83ce-615b64cdb919	Tears From The Compound Eye	69158f97-4c07-4c4e-baf8-4e4ab1ed666e	Boards Of Canada	11
user_000001	2beddf59-633d-4bf2-b43d-b67d097b3cfe	Around The World	7b83ad2e-722b-49fa-b6c0-914ac1092a3f	Christian Prommer'S Drumlesson	11
user_000001	7bf16e06-9221-4a96-9f0d-c2af96abb2a0	Fair Weather Friends	c787a7a5-e143-4ba6-86df-fab2354dcd44	Daedelus	11
user_000001	b42f65f5-2cc0-4630-bfc7-b8578ea51731	Prebuild	76da816f-ea05-4172-ad9e-ffb69c32199f	Richie Hawtin	11
user_000001	82aa1032-3d00-41c6-b606-259c5dc6b176	Distance	66a7f1f8-0ad6-4e3a-9346-a643e2739a8c	Pat Metheny Group	11
user_000001	3f568bad-ec70-4265-acc2-40b9e32e8d9f	Moaner	ba2f4f3b-0293-4bc8-bb94-2f73b5207343	Underworld	11
user_000001	a1fc968c-d1bc-49f4-9a7e-41ae861918fb	Ancestors	87c5dedd-371d-4a53-9f7f-80522fb7f3cb	Björk	11
user_000001	1eacb3ca-e8e1-4588-920d-1187dcb8ca79	Etched Headplate	9ddce51c-2b75-4b3e-ac8c-1db09e7c89c6	Burial	11
user_000001	4b8cdafe-34de-447d-981e-5ad77adbef79	Assault On Precinct Zero	7e54d133-2525-4bc0-ae94-65584145a386	Plaid	11
user_000001	05fe9f7c-40a1-4f60-8e8e-dca0c00ebc26	Last Train To Midnight (Feat. Aruba Red)	bc3d74c5-9328-4a1b-8014-3ecdb3dababe	Nitin Sawhney	11
user_000001	aa546c87-c8d7-40eb-9861-322f2952081e	Silversum	7e54d133-2525-4bc0-ae94-65584145a386	Plaid	11
user_000001	c6b24dad-c2e0-4c75-b039-9252bd0213b0	D	4742d214-23aa-4f14-9575-cc73b2859159	Goodiepal	11
user_000001	d19c61bf-860e-46c5-b3e9-e6f94edd78e7	Sat Nav	0356daee-ec48-4495-bc3e-460b8a5eacad	London Elektricity	11
user_000001	be7a5f8e-48e2-47ae-ba57-33b4f51e9a77	Mouth'S Cradle	87c5dedd-371d-4a53-9f7f-80522fb7f3cb	Björk	11
user_000001	f86b64d9-4f45-40ea-abbc-12ca0613e6b9	We (All) Search	76da816f-ea05-4172-ad9e-ffb69c32199f	Richie Hawtin	11
user_000001	4afbd617-4c82-48d5-bc5c-dde42b181691	In Her Family	66a7f1f8-0ad6-4e3a-9346-a643e2739a8c	Pat Metheny Group	11
user_000001	24d44a06-fdd9-4095-980b-acf78ca6daa1	Parisian Goldfish	fc7376fe-1a6f-4414-b4a7-83f50ed59c92	Flying Lotus	11
user_000001	864cef8d-da7e-4389-a286-41176276a5f6	Seventh Wave	0f5a9adc-fcca-4d04-bf31-d7d1164133f9	Jimpster	11
user_000001	776ce1b8-ae42-46fe-bcdc-e4656f777d6c	Eyen	7e54d133-2525-4bc0-ae94-65584145a386	Plaid	11
user_000001	d02058a9-af58-435e-a3f6-7cb069948e49	Subtracting	76da816f-ea05-4172-ad9e-ffb69c32199f	Richie Hawtin	11
user_000001	6cb72173-b8d8-4275-90ad-8972425dab15	Spikee	ba2f4f3b-0293-4bc8-bb94-2f73b5207343	Underworld	11
user_000001	6af7517c-b781-447c-89fe-cec17173fb60	In A Distance	56a70482-5528-4bef-8da2-a33cf098ce9b	Minilogue	11
user_000001	329fa376-6126-4185-aa90-1174b398c10b	Violenl	eab8228c-a9c8-4ddb-a93d-ffca74a379bf	Clark	11
user_000001	4191fbac-6851-4ab8-826b-6c1956861b20	...Short Wave Lies	a78d2a35-c083-4179-a5d8-49f84e5ec863	The Black Dog	11
user_000001	1ab999b1-48f7-4115-9902-f99a0da19c2b	Gadget Funk	bf48d271-9595-4043-9064-52f43707d4ab	The Herbaliser	11
user_000001	a8ccd15f-d68e-40af-8cdc-b8bd58f3c6d7	Talking To Myself, Part One	a7835277-ab17-4506-a033-60f018757b84	Bugge Wesseltoft	11
user_000001	7f12b334-a7f3-4169-a234-b2b3e06f489c	He Doesn'T Know Why	fa97dd36-1b82-43d7-a6e4-2adeafd59cef	Fleet Foxes	11
user_000001	60ed3bf8-c65c-4d46-a006-9f6514141073	Rez	ba2f4f3b-0293-4bc8-bb94-2f73b5207343	Underworld	11
user_000001	42800dc9-3ab2-498f-a166-290843f28f9f	Deep (Samuel Davis Deep4Life Mix)	3844f7d4-36e7-410b-ab13-3ce30da97a5d	Sasha Dive	11
user_000001	73486963-658c-4067-b5c7-e19aca97055d	M Train To Brooklyn	1292906d-cd67-4158-a3d6-19c7c9df3e8f	Loco Dice	11
user_000001	fdd7505e-5688-49a3-8f5f-83b07028a563	Rest Your Senses	9175d468-8ba8-412d-8b51-7097b99ed5a7	Manuel Tur & Dplay	11
user_000001	627b82d2-ae42-4a55-ba48-65bbc82465b0	Mo Move	ba2f4f3b-0293-4bc8-bb94-2f73b5207343	Underworld	11
user_000001	bc2765af-208c-44c5-b3b0-cf597a646660	Zn Zero	09a114d9-7723-4e14-b524-379697f6d2b5	Plaid & Bob Jaroc	11
user_000001	37aec542-fa00-4283-bb88-c183592a61d0	Seduction	76da816f-ea05-4172-ad9e-ffb69c32199f	Richie Hawtin	10
user_000001	5eed295f-8fcc-4948-9196-79e58db6fe68	Sola Sistim	ba2f4f3b-0293-4bc8-bb94-2f73b5207343	Underworld	10
user_000001	0c555f54-7906-4101-9db8-b7a2a8ffb7fb	Upside (Feat. Darien) (Karizma'S Old'S Kool Remix)	7935ac9d-f99f-4659-8eb4-59dc1d20e811	Reel People	10
user_000001	31f76423-ef2d-44f5-9036-eb329233105b	Casa Blanca	477d1c52-3100-4493-a049-473d8f183e23	高木正勝	10
user_000001	6c16d9b8-4039-4d2a-8c16-41532be10287	Hope	bd8a9519-217c-4317-9b98-266b1076c3d3	Pig & Dan	10
user_000001	73e1bef7-013d-45c2-98a7-b7207351725f	Tokyo (Album Mix)	252c9f8a-be04-4146-b73e-a24696b2f5ed	くるり	10
user_000001	fe2948c2-0d0a-4cb6-b64a-d698ce984a5f	The Drifting / I Don'T Wanna Be With You	3d2cd44b-9e77-4249-9d37-d8028e756693	Zazen Boys	10
user_000001	8289b76d-19d0-4d82-94f7-0fe430466380	Singing	a7835277-ab17-4506-a033-60f018757b84	Bugge Wesseltoft	10
user_000001	5c1e415f-dc4f-407e-84e5-2ed56b95d73e	Put Your Hands Up (Piano Version)	a7f7df4a-77d8-4f12-8acd-5c60c93f4de8	坂本龍一	10
user_000001	27000e34-2c33-4aab-8f02-edf50eb03a54	Wolcalosso	477d1c52-3100-4493-a049-473d8f183e23	高木正勝	10
user_000001	ad6551cf-3505-49de-ae14-7777e17122c2	Rustic Raver	4d86ad4e-28d8-4e9f-8cf4-735c57060fdc	Squarepusher	10
user_000001	862a4337-7755-401f-ac3b-f714093e4b6e	Don'T Push It	0f5a9adc-fcca-4d04-bf31-d7d1164133f9	Jimpster	10
user_000001	b9c70585-70bc-490a-bd16-1ac052e05da7	View Of A Juggling Ball	56a70482-5528-4bef-8da2-a33cf098ce9b	Minilogue	10
user_000001	b35e21e0-a145-47a4-8707-e321dfcc3e26	Bump (Switch Remix)	6b55530c-efc2-46e1-9703-d9c08cacf6af	Spank Rock	10
user_000001	d0ca7049-2806-4715-afd9-4301101e3f7a	As (Part 2 Contemplation)	fa905866-03a9-42dd-a5c3-9b07cd1c0bc8	Ian O'Brien	10
user_000001	742de779-83f8-4d10-86b0-7e6c4d264135	Falling Away	f6ed9964-eb6b-4bed-81f9-277a2c50a833	Milosh	10
user_000001	6cbbb97d-2180-4ba9-97a8-6158b6332bb4	Viva La Vida	cc197bad-dc9c-440d-a5b5-d52ba2e14234	Coldplay	10
user_000001	dd26bfda-25db-49f2-a152-1b24cb95a774	Chamber Dub	4742d214-23aa-4f14-9575-cc73b2859159	Goodiepal	10
user_000001	e5775a6a-408b-410e-91c7-1724b3eff6c7	Catch A Leaf (Feat. Rachel Fraser)	51d2e0dc-6e8b-4833-a05c-c505a3161051	Recloose	10
user_000001	6c91896e-448d-4436-9225-ac0885949d7f	Playing	a7835277-ab17-4506-a033-60f018757b84	Bugge Wesseltoft	10
user_000001	53ec8ed0-9e12-4dd1-8880-74c7f1e4eefa	Epistemology Suite 1: Don'T Fall	a56bd8f9-8ef8-4d63-89a4-794ed1360dd2	Diplo	10
user_000001	358cad49-62c2-47f4-891b-4fd4386dc550	Sabaku	3d2cd44b-9e77-4249-9d37-d8028e756693	Zazen Boys	10
user_000001	7fb9013f-0ba7-4424-a749-f41fc3cff55c	Gelnia	477d1c52-3100-4493-a049-473d8f183e23	高木正勝	10
user_000001	fe9af9df-485b-4f49-a6cf-7eab3bdcc2aa	Pretty Little Thing	aa1d542d-11c6-4bf3-8219-28a781de29ea	Fink	10
user_000001	fcb48cb8-6f78-44f8-8d78-825661386828	Beep Street	4d86ad4e-28d8-4e9f-8cf4-735c57060fdc	Squarepusher	10
user_000001	76e1c777-b947-4bc5-82c8-bb9253add48b	Trinidad Bird	477d1c52-3100-4493-a049-473d8f183e23	高木正勝	10
user_000001	39cd8819-6c34-43b1-a4a8-c12a88e7f33b	Point Of View Point	df765d93-621c-437f-99fe-fda9e135f89a	Cornelius	10
user_000001	ae552927-2d09-4196-a3e3-543e2c682db2	Moses' Tale	ec4e96b9-a5fc-4eea-9c69-2cc2a395f46e	Scsi-9	10
user_000001	857e6e11-93b0-4383-9600-5abae8efbe16	Next Levels	343ce4fa-54b3-47b8-bd27-b379cf50f7ff	King Geedorah	10
user_000001	7b793966-abc8-423d-bddc-1a761213d5f7	It'S Not Up To You	87c5dedd-371d-4a53-9f7f-80522fb7f3cb	Björk	10
user_000001	3a59a4b8-528c-4a82-a45f-8217c89b3eaf	Coopers World	4d86ad4e-28d8-4e9f-8cf4-735c57060fdc	Squarepusher	10
user_000001	2dabc779-275e-4a64-8287-451c3e12c484	Dreaming	a7835277-ab17-4506-a033-60f018757b84	Bugge Wesseltoft	10
user_000001	6488b1c2-880b-4b9a-a91e-22e3607c6a2a	Drop	df765d93-621c-437f-99fe-fda9e135f89a	Cornelius	10
user_000001	31a80fef-87a6-4d60-a029-75bf5d0defcd	Undo	87c5dedd-371d-4a53-9f7f-80522fb7f3cb	Björk	10
user_000001	3dc007c4-2528-4b6c-9638-c8e40b3e0b08	Miss It So Much	1c70a3fc-fa3c-4be1-8b55-c3192db8a884	Röyksopp	10
user_000001	ca8627a0-3234-463f-bab2-1f0914af0edb	Light Rain	7e54d133-2525-4bc0-ae94-65584145a386	Plaid	10
user_000001	80ff268c-7ba4-45bd-ba3e-b633a2b24a62	Satellite Anthem Icarus	69158f97-4c07-4c4e-baf8-4e4ab1ed666e	Boards Of Canada	10
user_000001	8f167725-4ef0-4dc4-b82a-cd581ad80476	Another View Point	df765d93-621c-437f-99fe-fda9e135f89a	Cornelius	10
user_000001	f456009c-2003-4c1d-a22e-1051e1546e81	Bug (Electric Last Minute)	df765d93-621c-437f-99fe-fda9e135f89a	Cornelius	10
user_000001	1a7820d4-fe5e-49de-9c51-720612957944	Syncopated City Revisited	0356daee-ec48-4495-bc3e-460b8a5eacad	London Elektricity	10
user_000001	56e71c28-7d1d-4c76-a091-a98f5b178e59	Maybe I Was Wrong	0356daee-ec48-4495-bc3e-460b8a5eacad	London Elektricity	10
user_000001	9e23329a-bc85-4a2c-95ff-caabaac06ed9	Venetian Red	477d1c52-3100-4493-a049-473d8f183e23	高木正勝	10
user_000001	9a25272f-56f4-4cc0-97e2-682486a316f8	Bounce	477d1c52-3100-4493-a049-473d8f183e23	高木正勝	10
user_000001	14f3f3b8-5750-4343-ab9b-30de8ed78ebb	Journey Of The Angels	4967c0a1-b9f3-465e-8440-4598fd9fc33c	Enya	10
user_000001	568e1e24-0f6a-494f-b66c-655ae658f25d	Reduction And	76da816f-ea05-4172-ad9e-ffb69c32199f	Richie Hawtin	10
user_000001	8e9e4b7b-76e3-42f1-8ad7-d61f67d46517	Heard Them Stirring	fa97dd36-1b82-43d7-a6e4-2adeafd59cef	Fleet Foxes	10
user_000001	935e9356-19cc-467e-8bc5-f1c2e07caebc	Growls Garden	eab8228c-a9c8-4ddb-a93d-ffca74a379bf	Clark	10
user_000001	1e3668b5-3053-40f7-8bda-0ba987b37cbe	Porcelain	8970d868-0723-483b-a75b-51088913d3d4	Moby	10
user_000001	a819a82e-f705-48e3-83f9-d3d2cbccaf51	Go Away	1c70a3fc-fa3c-4be1-8b55-c3192db8a884	Röyksopp	10
user_000001	0f23411a-8dc5-44a9-9cee-4f22ff28227c	Minimal Master	76da816f-ea05-4172-ad9e-ffb69c32199f	Richie Hawtin	10
user_000001	bd915801-db41-4b75-9b0a-94c34d1fa387	Trains And Winter Rains	4967c0a1-b9f3-465e-8440-4598fd9fc33c	Enya	10
user_000001	f2e8c77e-5018-445c-a8b4-79d5d04c2045	Anirog D9	4d86ad4e-28d8-4e9f-8cf4-735c57060fdc	Squarepusher	10
user_000001	e91aecb3-5222-4288-ae36-6da3663b600a	Gng Bng	fc7376fe-1a6f-4414-b4a7-83f50ed59c92	Flying Lotus	10
user_000001	932345be-a9d0-4965-b584-cd780d1a17bc	Enjoy	87c5dedd-371d-4a53-9f7f-80522fb7f3cb	Björk	10
user_000001	c4633ab1-e715-477f-8685-afa5f2058e42	The Launching Of Big Face	09a114d9-7723-4e14-b524-379697f6d2b5	Plaid & Bob Jaroc	10
user_000001	5b7b9a1d-5d4f-4c83-b749-bb5edccf063f	Turn Loose (Dixon Edit)	ca70aadd-0820-4c27-98ff-c53b18b8ed02	Soultourist	10
user_000001	e29ec190-2621-42c1-b1eb-cbd488bf133a	Super	1b5fd405-d029-4d42-9275-8fc6ed917cf6	Zeep	9
user_000001	b17b8cad-d1c2-4922-9c69-8439283a8be8	Hands	a7835277-ab17-4506-a033-60f018757b84	Bugge Wesseltoft	9
user_000001	d01aaa97-1418-490e-9d83-294d754c01c6	Last Time By Moonlight	4967c0a1-b9f3-465e-8440-4598fd9fc33c	Enya	9
user_000001	8e042ffc-3fb0-469b-a694-50a6bcaa47de	Robertaflack (Feat. Dolly)	fc7376fe-1a6f-4414-b4a7-83f50ed59c92	Flying Lotus	9
user_000001	7ba95180-f51c-49ab-b778-e23304f2e5a4	Time (Feat. Ursula Rucker)	3d05eb8b-1644-4143-9a61-b28e33c4d85f	4Hero	9
user_000001	27f8ff45-675c-47e3-a17c-f92d6fdb5794	Pleasure Is All Mine	87c5dedd-371d-4a53-9f7f-80522fb7f3cb	Björk	9
user_000001	110727dd-c03e-4855-bd50-db706c6893db	The Story	0a6eb633-fb2c-4683-9783-58c4e86ea740	The Matthew Herbert Big Band	9
user_000001	60040de1-79a5-48aa-94e6-52bf419b1421	Papalon	4d86ad4e-28d8-4e9f-8cf4-735c57060fdc	Squarepusher	9
user_000001	93fa1eb2-dd7c-4e0e-8174-360d32176586	Peacock Tail	69158f97-4c07-4c4e-baf8-4e4ab1ed666e	Boards Of Canada	9
user_000001	3a1a3db3-8387-4338-8c24-08a47d36eb9d	Liquid Cherries	6b21d6fd-4cec-479e-a1d4-a71b0f7ed6d4	Tiefschwarz	9
user_000001	45f32a4a-95c7-4504-8405-56d56101943b	Just One Second (Apex Remix)	0356daee-ec48-4495-bc3e-460b8a5eacad	London Elektricity	9
user_000001	54c920a5-9605-4346-a440-2f106a7b0e4d	Press Button For Music, Part 1	225775a6-0b27-471a-9f91-2be4aa8f8b84	Dub Tractor	9
user_000001	9bfa9b22-4011-4388-9b41-3a1d2a296ede	Ice Shadow	477d1c52-3100-4493-a049-473d8f183e23	高木正勝	9
user_000001	183c5ae4-f61c-42c1-83eb-a9bb7e0d6776	Talking To Myself, Part Two	a7835277-ab17-4506-a033-60f018757b84	Bugge Wesseltoft	9
user_000001	fe6c673e-4ac8-4097-9be3-5138443957ef	On A Sunny Day	34076bad-179b-4c83-9337-0c010b595640	Onra & Quetzal	9
user_000001	db6190ff-63a4-407d-bf2d-56124ae5d72c	Raver	9ddce51c-2b75-4b3e-ac8c-1db09e7c89c6	Burial	9
user_000001	2dca8569-28d5-44c2-bc26-75fa21357b03	Seaweed	eab8228c-a9c8-4ddb-a93d-ffca74a379bf	Clark	9
user_000001	9c268332-77bd-4677-be73-d887492e2a89	E8 Boogie	4d86ad4e-28d8-4e9f-8cf4-735c57060fdc	Squarepusher	9
user_000001	aa93f60f-d710-402d-8acd-df8bb0f2770a	Luv	6be2828f-6c0d-4059-99d4-fa18acf1a296	Janet Jackson	9
user_000001	faf955ab-1519-4e7c-bd7a-39a5c7040e50	Hyper-Ballad	87c5dedd-371d-4a53-9f7f-80522fb7f3cb	Björk	9
user_000001	b89495f9-49e9-4fda-9fee-b82338eda926	Miðvikudags	87c5dedd-371d-4a53-9f7f-80522fb7f3cb	Björk	9
user_000001	1cb66648-1491-436e-bc29-768df3b321c5	Enceol	477d1c52-3100-4493-a049-473d8f183e23	高木正勝	9
user_000001	bc6ab757-1d23-4811-8f45-f546486148c3	Sentimental Walk	5dfa70d0-d170-4b5d-a901-e6c2edc96dd1	Vladimir Cosma	9
user_000001	43d57667-5864-44d3-9b1c-0c5338b5d017	Bring It Home (Feat. Imogen Heap)	bc3d74c5-9328-4a1b-8014-3ecdb3dababe	Nitin Sawhney	9
user_000001	4d0636c1-0d03-4fcd-8d41-85ceabc62e8f	Holding The Moth (Audiojack Remix)	ba2f4f3b-0293-4bc8-bb94-2f73b5207343	Underworld	9
user_000001	2d445b1a-781e-4b36-b1a5-55db423ee058	Kiss From A Rose (Album Version)	f053ae01-dae6-4aae-9883-e8c279fdbef4	Seal	9
user_000001	c4052422-cde9-41ce-bb9d-26578e8c8c2a	Siiiipher	a78d2a35-c083-4179-a5d8-49f84e5ec863	The Black Dog	9
user_000001	aa636615-be64-4e5d-813a-47b4e589137e	I Citizen The Loathsome	09a114d9-7723-4e14-b524-379697f6d2b5	Plaid & Bob Jaroc	9
user_000001	bbd88a40-3e1b-4ae3-9032-b9bb4b7b3e30	The Magnet Mine	eab8228c-a9c8-4ddb-a93d-ffca74a379bf	Clark	9
user_000001	27126488-4aa8-4925-bb04-97c4b717333e	Dreams Are More Precious	4967c0a1-b9f3-465e-8440-4598fd9fc33c	Enya	9
user_000001	d6782940-03fc-4a64-8612-7b429c8bad82	Koko	a7f7df4a-77d8-4f12-8acd-5c60c93f4de8	坂本龍一	9
user_000001	b79e44f0-2a27-4f50-8a08-ce959a48c9c0	Beach Towel	f945fc79-fb9e-4e3e-b60a-f4a90f5a6d38	Karma	9
user_000001	72626671-4f12-4985-99da-2f74cf66abd7	Twist	ba2f4f3b-0293-4bc8-bb94-2f73b5207343	Underworld	9
user_000001	12412592-3920-4230-a720-7ccde9c34dd1	Shudder / King Of Snake	ba2f4f3b-0293-4bc8-bb94-2f73b5207343	Underworld	9
user_000001	939b8bdc-07e9-49bb-9259-bac6919ee11e	Adding And	76da816f-ea05-4172-ad9e-ffb69c32199f	Richie Hawtin	9
user_000001	4a768024-7084-40ae-ba0c-af52d6b9c1f9	Quiet Before The Storm (Quarion Remix)	b374d385-9fc0-4ded-8652-bb6ceda865ea	Foster	9
user_000001	8857bdc5-19f4-4d30-bec0-0ffeaf60836e	Wild And Peaceful	68fb131b-858d-4b7f-93b8-5b1924908421	Incognito	9
user_000001	3d96b8bd-093a-4aab-a3eb-c0d0230e91ef	Little Speaker	ba2f4f3b-0293-4bc8-bb94-2f73b5207343	Underworld	9
user_000001	f7547902-fbf5-4335-9063-a5256d56c13d	Testament (Feat. Gonja Sufi)	fc7376fe-1a6f-4414-b4a7-83f50ed59c92	Flying Lotus	9
user_000001	7382d454-ab80-436e-afad-84c21faf8921	Trim	ba2f4f3b-0293-4bc8-bb94-2f73b5207343	Underworld	9
user_000001	f84f1dce-e92a-45d3-b782-dd1431a7cc82	Distant Light	0f5a9adc-fcca-4d04-bf31-d7d1164133f9	Jimpster	9
user_000001	882302dc-fd5f-4f57-9577-3002e66b6c63	Many Rivers To Cross	a7835277-ab17-4506-a033-60f018757b84	Bugge Wesseltoft	9
user_000001	9098abfb-23ec-4b64-a952-24cfb97f6eee	Just Once	eddab03d-b673-4b70-863f-6a9cf45a779f	Herbert	9
user_000001	30ed809e-70f5-4eb9-9f7c-091174fdf2a4	Digital Poacher	a78d2a35-c083-4179-a5d8-49f84e5ec863	The Black Dog	9
user_000001	8fc1fc61-0aa6-4f8a-9937-7bf3e5612ab9	Bubble And Squeak	55c8de21-66df-4285-9b9f-41b8e8673e3c	Deadbeat	9
user_000001	1f70f63d-d6dc-4fb7-bc89-de8ac5d8762e	Rytme	a7835277-ab17-4506-a033-60f018757b84	Bugge Wesseltoft	9
user_000001	e015f7dd-eee4-412e-93a2-e9ebee00e428	Ted	eab8228c-a9c8-4ddb-a93d-ffca74a379bf	Clark	9
user_000001	3bf89507-b0cc-4c67-8bfb-4e66ce73af45	Tak 1	7e54d133-2525-4bc0-ae94-65584145a386	Plaid	9
user_000001	d7ffc453-7c42-4fd7-bed6-b749e7a1a60c	You Make Me Dizzy	4f69da4b-55a9-434c-a150-6de477d8808f	The Young Lovers	9
user_000001	50d57803-0844-42db-8e89-9404aa8eb889	Chin Hippy	4d86ad4e-28d8-4e9f-8cf4-735c57060fdc	Squarepusher	9
user_000001	a68258cb-960e-4c6b-a804-3fd641d87cc8	Free	f28dc56d-0bd4-485f-92a2-5c3e0e9b57cd	Deniece Williams	9
user_000001	a0ca1389-80fe-47d7-aa76-c0cd1486a503	Sleepy Dinosaur	fc7376fe-1a6f-4414-b4a7-83f50ed59c92	Flying Lotus	9
user_000001	e61a09f9-df20-4034-8bc6-7e419c3a5a01	Botanica	477d1c52-3100-4493-a049-473d8f183e23	高木正勝	9
user_000001	8d8363b5-b5ef-4435-9a40-ee0b5415d914	New Soul	def226b0-7990-4b38-ab1a-7740461844dc	Yael Naim	9
user_000001	3fb049b3-b810-4220-b15e-3ec04dcfd35c	Tricky Tricky	1c70a3fc-fa3c-4be1-8b55-c3192db8a884	Röyksopp	9
user_000001	a7259025-79ab-45cd-88b4-eda5d20cbc6d	Auntie'S Harp	fc7376fe-1a6f-4414-b4a7-83f50ed59c92	Flying Lotus	9
user_000001	10697c6d-862a-4622-85b9-b139c6ada2dc	Sexslaveship	fc7376fe-1a6f-4414-b4a7-83f50ed59c92	Flying Lotus	9
user_000001	fb51d2c4-cc69-4128-92f5-77ec38d66859	Planetary Deadlock	ad0811ea-e213-451d-b22f-fa1a7f9e0226	Beanfield	8
user_000001	dff74b2e-9c01-4c88-8d89-30558ea4c0d0	Outta Love (Alix Alvarez Sole Channel Remix)	7935ac9d-f99f-4659-8eb4-59dc1d20e811	Reel People	8
user_000001	47c194f0-d0f2-4bbe-9cac-314e5d8e8116	Zeep Dreams	1b5fd405-d029-4d42-9275-8fc6ed917cf6	Zeep	8
user_000001	310fa155-f188-46bb-b39a-f5ab8ac048df	Blue Ridge Mountains	fa97dd36-1b82-43d7-a6e4-2adeafd59cef	Fleet Foxes	8
user_000001	1aaed504-d6e4-4be0-becd-ab1f13edfb25	Auntie'S Lock/Infinitium (Feat. Laura Darlington)	fc7376fe-1a6f-4414-b4a7-83f50ed59c92	Flying Lotus	8
user_000001	803d5d35-b759-4e06-8425-2b4adeae5031	Far From Here	34076bad-179b-4c83-9337-0c010b595640	Onra & Quetzal	8
user_000001	cd8f5c1c-fb0e-41c7-bf83-b8dce3a04512	Gaskarth / Cyrk Dedication	eab8228c-a9c8-4ddb-a93d-ffca74a379bf	Clark	8
user_000001	5afeee3d-9967-46de-8e3a-92ffc34a87ca	Menina Brasiliera	1292906d-cd67-4158-a3d6-19c7c9df3e8f	Loco Dice	8
user_000001	f6ce4b72-5e7c-4d7f-ba5d-f31593276f07	New Family	7e54d133-2525-4bc0-ae94-65584145a386	Plaid	8
user_000001	50b50fb6-a79c-4944-8e97-9a3e8cfec195	Evermore	9c3bb864-f8a6-43be-814f-c156af98a846	John Matthias	8
user_000001	5fe07d38-58b8-401d-823a-e29a2de3664d	All 4 Du***	76da816f-ea05-4172-ad9e-ffb69c32199f	Richie Hawtin	8
user_000001	e7d6d338-5e90-4133-8f8b-2a2e63f2a5eb	Are We? (Feat. Michelle Amador)	f945fc79-fb9e-4e3e-b60a-f4a90f5a6d38	Karma	8
user_000001	63d87805-f9ba-4f19-9d5c-e92a26a7caf3	Stuck In The Middle	8a9ac1cb-faae-434e-8d60-b139a3707dfc	Mika	8
user_000001	1937cf62-68da-482f-86d8-7d2f20da9934	Old Water	56a70482-5528-4bef-8da2-a33cf098ce9b	Minilogue	8
user_000001	3eae854c-1488-409c-a13e-275ea309753d	Sun In My Mouth	87c5dedd-371d-4a53-9f7f-80522fb7f3cb	Björk	8
user_000001	70f80f5c-4ff1-41bc-b956-d90b70c79999	401 Circuit	bf50d552-3c8c-42b4-9758-7ec8bb4e6583	I Am Robot And Proud	8
user_000001	044362b5-a88b-4b74-b24a-792bcada2a82	Waiting	0a6eb633-fb2c-4683-9783-58c4e86ea740	The Matthew Herbert Big Band	8
user_000001	9ff441fd-ec1d-4ad7-bb83-aa9f57de907f	04.34 A.M.	65e14a69-2fd2-4ae2-9db2-b5b68639124d	Opto	8
user_000001	4a5ca2b9-91c7-4823-a746-010ee765ef6d	Someone Like Me	1c70a3fc-fa3c-4be1-8b55-c3192db8a884	Röyksopp	8
user_000001	d73b6092-3d4b-4436-b47f-9109dd8cfaa1	Seat Yourself	4f6dd51e-bfd7-4153-ace7-9316d1757a57	Roots Manuva	8
user_000001	f2a38e8c-2eb1-4f47-b3be-bf613153631e	How Lonely Does It Get	4f69da4b-55a9-434c-a150-6de477d8808f	The Young Lovers	8
user_000001	8f743fbb-57fb-4350-9f6d-fa02015fa2c9	Making A Case For Magic	bf50d552-3c8c-42b4-9758-7ec8bb4e6583	I Am Robot And Proud	8
user_000001	96cac256-ffc4-4aff-8a53-60dd86fc778f	I Am The Black Gold Of The Sun (4 Hero Remix)	e5b5b78b-811b-4bfb-a463-116e5f4c3114	Nuyorican Soul	8
user_000001	f16e8630-50fc-4152-8101-74de326fbbbf	The Melt	bf50d552-3c8c-42b4-9758-7ec8bb4e6583	I Am Robot And Proud	8
user_000001	160e2a47-f8e7-446a-9b69-ba877845dee7	So Cool (Feat. Tyna)	51d2e0dc-6e8b-4833-a05c-c505a3161051	Recloose	8
user_000001	9be7d71d-e257-437f-ad55-040a589e1856	Rollercoaster	6be2828f-6c0d-4059-99d4-fa18acf1a296	Janet Jackson	8
user_000001	8f24b0a0-5b89-43ee-b1bb-8a58d4d69da6	As Seen From Space	0a77bec1-12ef-4caa-b36a-f533001fcd29	Bent	8
user_000001	b1b2d161-d6d0-4ddf-8d5b-42a5cd2bcb88	The Question Of Value	fa905866-03a9-42dd-a5c3-9b07cd1c0bc8	Ian O'Brien	8
user_000001	06d444ce-9a74-4eea-960c-02a66f5b6130	Hundred Million Light Years	33672b7a-91e0-4167-8725-a1897584a0da	Kaito	8
user_000001	39212345-cc15-439f-8e31-98247a3d70bf	Kiiro	1859d58e-9f33-4004-8732-1d583e7a0dd7	Shugo Tokumaru	8
user_000001	4eea8d9b-81b2-4973-a5f2-cb1b0f6f2c5a	Windows	56a70482-5528-4bef-8da2-a33cf098ce9b	Minilogue	8
user_000001	1151b040-8022-4965-96d2-8a4605ce456c	Deadly Species	6f3d4a7b-45b2-4c08-9306-8d271e92cb4f	Alif Tree	8
user_000001	d27d4f03-8e46-4d78-b389-05ec551ea5c5	Boute	383bdefa-29cd-4224-ba9e-112d5ace3a17	Au	8
user_000001	37ad1cd4-7750-43fe-9c21-d89421b8913e	Frosti	87c5dedd-371d-4a53-9f7f-80522fb7f3cb	Björk	8
user_000001	402ce8e4-bbbc-4bd9-9f83-4c91d52473ad	16	495fe320-091e-43eb-9321-54a20e7c3f98	Sneaky Sound System	8
user_000001	17f49632-749e-4438-9bd7-3014579a37cb	Karte	1859d58e-9f33-4004-8732-1d583e7a0dd7	Shugo Tokumaru	8
user_000001	7604cdce-66cd-40b9-93d4-bd7d2bb3e5f1	Ess Gee	ba2f4f3b-0293-4bc8-bb94-2f73b5207343	Underworld	8
user_000001	4074d888-23ca-495a-a446-2dc94fa438b8	Anything You Want (Feat. Tasita D'Mour)	7935ac9d-f99f-4659-8eb4-59dc1d20e811	Reel People	8
user_000001	07ae32f3-f0aa-4479-bb2d-bc6737a4df44	Beautiful Day Without You	1c70a3fc-fa3c-4be1-8b55-c3192db8a884	Röyksopp	8
user_000001	7bd37d53-d126-481a-96ca-47adfd9a0547	Coda	a78d2a35-c083-4179-a5d8-49f84e5ec863	The Black Dog	8
user_000001	0fef630e-df3d-4880-97b6-06eb3e2767a7	Morning Child	3d05eb8b-1644-4143-9a61-b28e33c4d85f	4Hero	8
user_000001	87301fbc-8854-40ed-b2b3-7cfa4bba1957	In My Place	34076bad-179b-4c83-9337-0c010b595640	Onra & Quetzal	8
user_000001	e65ddfe1-8b2c-492f-a734-dafaa3cc7322	Earth Intruders	87c5dedd-371d-4a53-9f7f-80522fb7f3cb	Björk	8
user_000001	935b49d1-7ec9-4c08-b420-f22298e4ba80	Regina	0a6eb633-fb2c-4683-9783-58c4e86ea740	The Matthew Herbert Big Band	8
user_000001	f9dc952e-ded2-4c48-be73-bc17127aafa8	Farewell Fire	69158f97-4c07-4c4e-baf8-4e4ab1ed666e	Boards Of Canada	8
user_000001	1f2685b1-6e41-4abe-a178-17de16c95d3c	Cowgirl	ba2f4f3b-0293-4bc8-bb94-2f73b5207343	Underworld	8
user_000001	1c911a25-7c05-44c4-9cd9-fae6eb4fff81	Smoke	df765d93-621c-437f-99fe-fda9e135f89a	Cornelius	8
user_000001	c13c35df-b6d6-4a48-9f05-91cc1308407b	The Modern Things	87c5dedd-371d-4a53-9f7f-80522fb7f3cb	Björk	8
user_000001	4c7de12d-2454-4ef0-9dda-72f5f2fb9562	Jetstream	2ceaa36e-c742-4ecd-ac28-7dc80463a7df	Lusine Icl	8
user_000001	fef3c01c-b919-4c1d-931a-9f3ac6bc068a	Battery	0a6eb633-fb2c-4683-9783-58c4e86ea740	The Matthew Herbert Big Band	8
user_000001	23b04828-ab15-46c3-b2fe-4bcdad1474a0	Pontificate	0a6eb633-fb2c-4683-9783-58c4e86ea740	The Matthew Herbert Big Band	8
user_000001	1c86f998-a136-45f1-a766-c32d8da3e050	Your Protector	fa97dd36-1b82-43d7-a6e4-2adeafd59cef	Fleet Foxes	8
user_000001	5517d3d2-aa62-44f4-aec9-070adf99f496	Fat Controller	4d86ad4e-28d8-4e9f-8cf4-735c57060fdc	Squarepusher	8
user_000001	f85529c1-40d2-42cc-aded-4d6378b55bd7	E.M.R.	09a114d9-7723-4e14-b524-379697f6d2b5	Plaid & Bob Jaroc	8
user_000001	e4ff1b26-d444-4fa9-8839-31378df4a333	Boys	1c70a3fc-fa3c-4be1-8b55-c3192db8a884	Röyksopp	8
user_000001	c946ad0c-0080-49a2-9a88-80dfbf173834	Bare Religion	0356daee-ec48-4495-bc3e-460b8a5eacad	London Elektricity	8
user_000001	cc6d76d4-b9cc-4335-b4f7-7e9bab7dbb58	Giant Hairy Super Monster	56a70482-5528-4bef-8da2-a33cf098ce9b	Minilogue	8
user_000001	a8ecddff-32ff-4cb4-a711-982b4333eff6	Aurora	87c5dedd-371d-4a53-9f7f-80522fb7f3cb	Björk	8
user_000001	85a91ed7-c10b-428e-b662-43c861a7151f	Hypnotized	56a70482-5528-4bef-8da2-a33cf098ce9b	Minilogue	8
user_000001	21d4de19-338a-41c9-883e-35fd849c2f02	The Rich Man'S Prayer	0a6eb633-fb2c-4683-9783-58c4e86ea740	The Matthew Herbert Big Band	8
user_000001	21b06466-19bd-4089-808e-5bb762dab782	It'S Oh So Quiet	87c5dedd-371d-4a53-9f7f-80522fb7f3cb	Björk	8
user_000001	64c03cb3-f8ed-4d9d-b53f-67893acceda7	Taratine	3d2cd44b-9e77-4249-9d37-d8028e756693	Zazen Boys	8
user_000001	43d7c5a8-bb42-46f4-9165-8934703acb6a	An Echo A Stain	87c5dedd-371d-4a53-9f7f-80522fb7f3cb	Björk	8
user_000001	d9822d5f-5309-4617-b6d3-1bfd4ac60e9b	Interlude 2: Soledad	bc3d74c5-9328-4a1b-8014-3ecdb3dababe	Nitin Sawhney	7
user_000001	3ffa5562-21a4-4ea1-9b3d-1b28c895fc4f	Isobel	87c5dedd-371d-4a53-9f7f-80522fb7f3cb	Björk	7
user_000001	8ee775be-76ee-45e9-a17a-3d0f51e68617	Golden Solitude	3d05eb8b-1644-4143-9a61-b28e33c4d85f	4Hero	7
user_000001	06a4a6f0-685c-4a3e-8554-2cc6494bd81e	The Return	b025b6c9-b103-4d51-a0e0-07893ae6e52b	The Lost Men	7
user_000001	9ae1b841-5e58-48ae-b00a-205e33958e66	Island Life	bf50d552-3c8c-42b4-9758-7ec8bb4e6583	I Am Robot And Proud	7
user_000001	832a6df5-79ac-46f6-b530-cd2439f49b64	Clean Sweep	1c70a3fc-fa3c-4be1-8b55-c3192db8a884	Röyksopp	7
user_000001	d059a9f8-9876-4eb0-9d63-701fdb4df1e4	My Soul (Feat. Paul Mccartney)	bc3d74c5-9328-4a1b-8014-3ecdb3dababe	Nitin Sawhney	7
user_000001	fc89d5bf-a04c-41c9-836d-924e64302076	Rasta Baby	6685bdd9-37f3-4323-8f7c-0e7bb9103e6d	Gelka	7
user_000001	a616960a-4327-4359-82b0-4692417ee4a5	You'Ve Been Flirting Again	87c5dedd-371d-4a53-9f7f-80522fb7f3cb	Björk	7
user_000001	1632ab1d-a382-434c-8aee-1f3c9ac7e0f4	Come With Me (J-Boogie Remix)	6715de04-77fd-4b5b-b736-4d96afb16493	Daz-I-Kue	7
user_000001	01ca6d14-0695-41b6-912a-b0549393bd10	Jus' Wanna Feel	0f5a9adc-fcca-4d04-bf31-d7d1164133f9	Jimpster	7
user_000001	00e2a7aa-6028-49fa-8b5d-31afe96245cc	Guinacridone	477d1c52-3100-4493-a049-473d8f183e23	高木正勝	7
user_000001	a57581a0-cda4-4dc7-9099-23960476790a	Who'S Afraid Of Virginia Wolf (Part 2)	4f8a0d9b-5777-40da-b29a-e9753d5ae693	Jimmy Smith	7
user_000001	82c75b8b-843f-4333-b76c-edbf6fcb4be2	Soft Collared Neck	50a32791-ee43-4c67-aabc-3dc65e4a9838	Helios	7
user_000001	94102c3d-4ffb-453c-bc3b-6cfb5bf99d8e	Dangly Panther	0f5a9adc-fcca-4d04-bf31-d7d1164133f9	Jimpster	7
user_000001	30483006-895c-4b65-a388-0956c0f4a821	Just As We	e57117ac-0bdc-46bc-a6df-145cebca32e4	Caroline Peyton	7
user_000001	0b299442-5bdc-43f8-bad1-fe722e7443ca	Gonk Roughage	eab8228c-a9c8-4ddb-a93d-ffca74a379bf	Clark	7
user_000001	848b64b9-53bd-45ee-bb70-9840f4d9d733	You Don'T Have A Clue	1c70a3fc-fa3c-4be1-8b55-c3192db8a884	Röyksopp	7
user_000001	fd6e1331-1daa-417b-9e05-676677969ba1	Breakfast At Nina'S	1292906d-cd67-4158-a3d6-19c7c9df3e8f	Loco Dice	7
user_000001	45dd3bde-f7c7-4703-b03a-f6d97ca1f6d7	Herzog	eab8228c-a9c8-4ddb-a93d-ffca74a379bf	Clark	7
user_000001	68cb165c-82e0-4936-bd2e-5a8fd1c9dbcc	Distant Dreams (Feat. Roxanne Tataei)	bc3d74c5-9328-4a1b-8014-3ecdb3dababe	Nitin Sawhney	7
user_000001	d4cb68ba-052c-475d-84fc-6cd565fc60b3	Inner Soul [Slow Version]	a64814a3-4a4f-4861-9cd9-fe4ef0f685f0	Roland Appel	7
user_000001	77fe43ae-82f2-4d96-9e50-f539e47c8317	Heathrow Express	55c8de21-66df-4285-9b9f-41b8e8673e3c	Deadbeat	7
user_000001	687f53a1-b800-4887-aba9-523b529c9e03	Never Letchu Go	6be2828f-6c0d-4059-99d4-fa18acf1a296	Janet Jackson	7
user_000001	125f3c72-1447-4652-87d3-51f01521e876	Oíche Chiúin (Chorale)	4967c0a1-b9f3-465e-8440-4598fd9fc33c	Enya	7
user_000001	0d12df2e-7e87-4421-b975-1b25c1e3949b	Outta Love (Ig Culture Bruk For The Love Refit)	7935ac9d-f99f-4659-8eb4-59dc1d20e811	Reel People	7
user_000001	c22198f2-6cac-4048-bdc6-6e9bb74c8e40	Innocence (Simian Mobile Disco Remix Radio Edit)	87c5dedd-371d-4a53-9f7f-80522fb7f3cb	Björk	7
user_000001	86d64fe3-f263-4548-b427-d77ca950eadb	Can'T B Good	6be2828f-6c0d-4059-99d4-fa18acf1a296	Janet Jackson	7
user_000001	0cb8b935-99a6-4aa3-a3a7-d568caec2117	Meadowlarks	fa97dd36-1b82-43d7-a6e4-2adeafd59cef	Fleet Foxes	7
user_000001	7969c5ee-6609-4e06-94e0-fb60a2268498	David	498adc41-4779-43ff-bb60-90f76b98c0d3	Yanokami	7
user_000001	d723e758-9a51-4183-bba4-eadd9d04abe5	Interlude	0f5a9adc-fcca-4d04-bf31-d7d1164133f9	Jimpster	7
user_000001	0661d616-02f2-4964-8de7-2718702f9c1a	The Heckler	55c8de21-66df-4285-9b9f-41b8e8673e3c	Deadbeat	7
user_000001	5695c861-8448-40b8-97c1-1b41ebc62f0b	I'M Trying	f6ed9964-eb6b-4bed-81f9-277a2c50a833	Milosh	7
