track_id	title	artist_id	artist_name	country	album	date	genres
03902941-c292-4044-87b9-b23d87d8cdbb	Modern Way	90218af4-4d58-4821-8d41-2ee295ebbe21	Kaiser Chiefs	GB	Employment	2005	['brit pop', 'consensus rock', 'indie rock']
046e4951-5daa-4bd0-8b6a-5b47b27583c9	Jacqueline	aa7a2827-f74b-473c-bd79-03d065835cf7	Franz Ferdinand	GB	Franz Ferdinand	2004	['alternative and punk', 'indie', 'alternative punk']
0474d9f4-991a-4b88-8f74-5fd1c83e1ee5	Stockholm Syndrome	9c9f1380-2516-4fc9-a3e6-f9f61941d090	Muse	GB	Absolution	2003	['alternative', 'alternative and punk', 'rock']
067265e0-200c-428a-9cbe-2210951b7724	Fake Tales of San Francisco	ada7a83c-e3e1-40f1-93f9-3e73dbc9298a	Arctic Monkeys	GB	Five Minutes With Arctic Monkeys	2005	['indie rock', 'alternative pop/rock', 'alternative punk']
07689d4c-540d-4518-9a41-52931b7f061f	Neighborhood #3 (Power Out)	52074ba6-e495-4ef3-9bb4-0703888a9f68	Arcade Fire	CA	Funeral	2004	['indie rock', '00s', 'alternative and punk']
084a24a9-b289-4584-9fb5-1ca0f7500eb3	Californication	8bfac288-ccc5-448d-9573-c33ea2aa5c30	Red Hot Chili Peppers	US	Californication	1999	['alternative rock', '00s', 'rock']
0a9540f3-d506-497e-8f5a-24d24f8664f8	The Dark of the Matinée	aa7a2827-f74b-473c-bd79-03d065835cf7	Franz Ferdinand	GB	Franz Ferdinand	2004	['alternative punk', 'indie', 'alternative/indie rock']
0b953455-ef5f-4b36-872b-0022aec503d4	Hurt	d43d12a1-2dc9-4257-a2fd-0a3bb1081b86	Johnny Cash	US	American IV: The Man Comes Around		['contemporary country', 'country', 'americana']
0ba72f0d-70ae-4655-94d9-c1069b5abcfb	Boulevard of Broken Dreams	084308bd-1654-436f-ba03-df6697104e19	Green Day	US	American Idiot	2004	['alternative rock', 'alternative punk', 'classic pop punk']
0c1eb2b0-78f0-4b2a-961e-96a925240245	Fidelity	fbb375f9-48bb-4635-824e-4120273b3ba7	Regina Spektor	US	2005-08-23: Cabaret Voltaire, Edinburgh, UK		['anti-folk', 'american', 'rock']
0e6871fc-d16f-4cc8-86fc-c8d368f906d4	In the Waiting Line	c23b637b-97c6-41eb-8ef6-6c724efc80a8	Zero 7	GB	Simple Things	2001	['ambient', 'deep house', 'electronic']
0faa740d-fd97-4d1a-a258-2bc45323e4f2	Sam’s Town	95e1ead9-4d31-4808-a7ac-32c3614c116b	The Killers	US	Sam’s Town	2006	['rock', 'alternative rock', 'alternative rock']
0fcdfdd0-2a73-4a3f-b5bf-2d9cd496578f	Mad World	3d65bead-6eae-4012-8665-d5f593ea4a62	Gary Jules	US	YTMND Soundtrack, Volume 14		['classical', 'rock', 'rock and indie']
1001f481-e93e-4107-b640-cf289a122335	Banquet	8c538f11-c141-4588-8ecb-931083524186	Bloc Party	GB	Banquet	2004	['rock', 'indie rock', 'alternative rock']
1007b1d8-5dc0-434a-b5c6-3b831428fbae	Every You Every Me (single mix)	847e8284-8582-4b0e-9c26-b042a4f49e57	Placebo	GB	Every You Every Me	1999	['adult alternative pop/rock', 'alternative rock', 'big beat']
10129849-607d-4650-8edc-74839252ab23	Everything Will Be Alright	95e1ead9-4d31-4808-a7ac-32c3614c116b	The Killers	US	Hot Fuss		['indie rock', 'alternative pop/rock', 'garage rock']
10989625-82fe-428a-94a8-a045c8e4abb9	Walk Away	aa7a2827-f74b-473c-bd79-03d065835cf7	Franz Ferdinand	GB	You Could Have It So Much Better	2005	['rock', 'alternative', 'alternative/indie rock']
10d1062a-7275-458f-ad0d-906eeaa22c57	Under the Bridge	8bfac288-ccc5-448d-9573-c33ea2aa5c30	Red Hot Chili Peppers	US	Blood Sugar Sex Magik	1991	['alternative rock', '00s', 'rock']
10e70c5b-3e8d-4c49-b3fa-2f404e0dc834	Someday You Will Be Loved	0039c7ae-e1a7-4a7d-9b49-0cbc716821a6	Death Cab for Cutie	US	Plans	2005	['alternative punk', 'rock', 'alternative']
137d6675-2cb0-4ba0-926e-b6cee5d33906	Butterflies & Hurricanes	9c9f1380-2516-4fc9-a3e6-f9f61941d090	Muse	GB	Absolution	2003	['alternative and punk', 'alternative-rock', 'rock']
1601909d-f5ff-46fb-b2ac-01d484dfe540	Juicebox	f181961b-20f7-459e-89de-920ef03c7ed0	The Strokes	US	First Impressions of Earth		['rock', 'indie rock', 'garage rock revival']
16cb323e-533c-4873-abaf-b5330ec59778	Come On Home	aa7a2827-f74b-473c-bd79-03d065835cf7	Franz Ferdinand	GB	Franz Ferdinand	2004	['alternative punk', 'indie', 'rock pop']
18c1e5b3-f431-400a-90fe-779d04d012f3	Riot Van	ada7a83c-e3e1-40f1-93f9-3e73dbc9298a	Arctic Monkeys	GB	Zuivere Koffie: December 2005	2005-12	['alternative', 'indie rock', 'alternative pop/rock']
19b0545e-3f3d-4898-bfc9-ba7861ddc091	The Boy with the Thorn in His Side	40f5d9e4-2de7-4f2d-ad41-e31a9a9fea27	The Smiths	GB	Aspen Classic, Volume 1		['indie pop', 'jangle pop', 'indie rock']
1a383131-c896-4a55-b990-ed9aed78d95c	This Fire	aa7a2827-f74b-473c-bd79-03d065835cf7	Franz Ferdinand	GB	Franz Ferdinand	2004	['alternative and punk', 'art rock', 'indie']
1c0377bb-c00b-4bbe-b4b2-615f13324adc	Idioteque	a74b1b7f-71a5-4011-9441-d0b5e4122711	Radiohead	GB	Kid A	2000	['alt rock', 'alternative and punk', 'experimental rock']
1c7e1f6e-be0d-4d13-998a-75236bd3b47c	Warning Sign	cc197bad-dc9c-440d-a5b5-d52ba2e14234	Coldplay	GB	A Rush of Blood to the Head		['alternative rock', 'pop rock', 'alt rock']
1e8857d3-55ad-417c-8370-ff3e45bd2255	I Predict a Riot	90218af4-4d58-4821-8d41-2ee295ebbe21	Kaiser Chiefs	GB	I Predict a Riot	2004	['indie rock', 'brit pop', 'post-punk revival']
1ea841de-507b-4ec6-89ae-aaba615e9370	Auf Achse	aa7a2827-f74b-473c-bd79-03d065835cf7	Franz Ferdinand	GB	Franz Ferdinand	2004	['alternative punk', 'indie', 'alternative/indie rock']
20919a48-4ad5-409c-b639-8db7ca9f9e7a	Fix You	cc197bad-dc9c-440d-a5b5-d52ba2e14234	Coldplay	GB	X&Y	2005	['rock', 'alternative and punk', 'brit pop']
22ce7721-95ac-424c-bb3e-0330bd1a2f7c	Read My Mind	95e1ead9-4d31-4808-a7ac-32c3614c116b	The Killers	US	Sam’s Town	2006	['alternative rock', 'rock', 'alternative rock']
23c3c36b-9449-4484-9040-6ef2125999aa	Exit Music (for a Film)	a74b1b7f-71a5-4011-9441-d0b5e4122711	Radiohead	GB	OK Computer	1997	['alternative rock', 'alternative and punk', 'alternative pop/rock']
23fc71ce-9232-47e7-8509-ba0209460f24	Darts of Pleasure	aa7a2827-f74b-473c-bd79-03d065835cf7	Franz Ferdinand	GB	Nemis	2003	['alternative punk', 'dance-punk', 'garage rock revival']
24436eea-e79f-4592-b7f8-3e9bfe01f483	Time to Pretend	c485632c-b784-4ee9-8ea1-c5fb365681fc	MGMT	US	Oracular Spectacular	2007	['indie pop', 'alternative and punk', 'electronic']
24cc8311-98fd-423a-bed1-97728f5eabc5	Seven Nation Army	11ae9fbb-f3d7-4a47-936f-4c0a04d3b3b5	The White Stripes	US	Elephant	2003	['garage rock', 'alt rock', 'alternative and punk']
259fe58d-a8fa-4920-8d5b-044e252af193	Michael	aa7a2827-f74b-473c-bd79-03d065835cf7	Franz Ferdinand	GB	Franz Ferdinand	2004	['alternative punk', 'indie', 'alternative/indie rock']
276ccc59-119f-4e61-90e8-be32ab4f79fa	Crooked Teeth	0039c7ae-e1a7-4a7d-9b49-0cbc716821a6	Death Cab for Cutie	US	Plans	2005	['alternative punk', 'indie pop', 'rock']
2a37ad88-330c-4e31-abc6-331e20621805	Sour Times	8f6bd1e4-fbe1-4f50-aa9b-94c450ec0f11	Portishead	GB	PNYC	1998	['acid jazz', 'trip hop', 'classical crossover']
2b4c50b4-4aa9-4387-9b18-f17d04410ef7	All These Things That I’ve Done	95e1ead9-4d31-4808-a7ac-32c3614c116b	The Killers	US	Hot Fuss	2004	['indie rock', 'rock', 'alternative rock']
2bb6ce74-92f2-4750-8891-0627f6ee48ff	Believe Me Natalie	95e1ead9-4d31-4808-a7ac-32c3614c116b	The Killers	US	Hot Fuss		['indie rock', 'alternative pop/rock', 'garage rock']
2c5ffe3e-509e-4607-9b4c-e846b4b50e0f	Bigmouth Strikes Again	40f5d9e4-2de7-4f2d-ad41-e31a9a9fea27	The Smiths	GB	The Queen Is Dead	1986	['indie rock', 'alternative and punk', 'alternative punk']
2d06f1ff-41e5-4e53-913a-c670b99c9d1e	Maps	584c04d2-4acc-491b-8a0a-e63133f4bfc4	Yeah Yeah Yeahs	US	Fever to Tell		['indie rock', 'alternative rock', 'art rock']
2ec8602c-4f03-4846-97d2-f994341627c0	Panic	40f5d9e4-2de7-4f2d-ad41-e31a9a9fea27	The Smiths	GB	Panic	1986	['indie rock', 'alternative punk', 'indie pop']
2f918636-1081-493e-91fd-470b915a0b2b	You’re the Reason I’m Leaving	aa7a2827-f74b-473c-bd79-03d065835cf7	Franz Ferdinand	GB	You Could Have It So Much Better	2005	['rock', 'alternative/indie rock', 'indie rock']
308bc940-c25c-4847-ab55-4c4cf22683bc	Starman	5441c29d-3602-4898-b1a1-b77fa23b8e50	David Bowie	GB	The Rise and Fall of Ziggy Stardust and the Spiders From Mars	1972	['rock', 'pop rock', 'album rock']
315a301e-e764-4adf-91c6-e90a22320106	Positive Tension	8c538f11-c141-4588-8ecb-931083524186	Bloc Party	GB	So Here We Are / Positive Tension	2005	['indie', 'indie rock', 'rock']
322a32ae-3487-4a4b-a9d9-f7a6e30c10f3	Mysterons	8f6bd1e4-fbe1-4f50-aa9b-94c450ec0f11	Portishead	GB	Roseland NYC Live	1998	['acid jazz', 'trip hop', 'classical crossover']
331c8d46-0fa2-467f-8584-bd7b310be97e	Amsterdam	cc197bad-dc9c-440d-a5b5-d52ba2e14234	Coldplay	GB	A Rush of Blood to the Head		['alternative rock', 'pop rock', 'alt rock']
34033cb9-7f2f-4b07-92a5-954f923ba419	Nobody Move, Nobody Get Hurt	9386b36e-87f3-4716-a219-79a07a4e29cc	We Are Scientists	US	The Wolf's Hour	2004	['indie rock', 'rock and indie']
372c6dd4-f248-4aa9-a0c4-386a2e825094	Reason Is Treason	69b39eab-6577-46a4-a9f5-817839092033	Kasabian	GB	Kasabian	2004	['indie', 'rock', 'alternative rock']
3752e069-27a6-4819-99d5-11aec26d90a7	Smack My Bitch Up	4a4ee089-93b1-4470-af9a-6ff575d32704	The Prodigy	GB	The Fat of the Land	1997	['electronica', 'techno', 'alternative rock']
3aa2166f-99ca-403a-a995-0b17181ba65e	Let It Be	b10bbbfc-cf9e-42e0-be17-e2c3e1d2600d	The Beatles	GB	Collection ambiance ‐années 60’		['pop rock', 'rock & roll', 'british invasion']
3e2402a4-7803-4ea4-9683-bf1304f9dcf5	Don’t Look Back in Anger	39ab1aed-75e0-4140-bd47-540276886b60	Oasis	GB	Don't Look Back in Anger	1995	['alternative rock', 'britpop', 'rock']
3e963c34-06d2-4a32-93d8-bd03e98d5e81	Clocks	cc197bad-dc9c-440d-a5b5-d52ba2e14234	Coldplay	GB	A Rush of Blood to the Head	2002	['alternative rock', 'alt rock', 'pop rock']
3fa3099d-c1ee-4c8c-90cd-d3265d171b65	Svefn‐g‐englar	f6f2326f-6b25-4170-b89d-e235b25508e8	Sigur Rós	IS	Music From Vanilla Sky	2001	['soundtrack', 'icelandic', 'dream pop']
40f04250-6d23-4f88-902c-94ef1a1dd3ed	Time Is Running Out	9c9f1380-2516-4fc9-a3e6-f9f61941d090	Muse	GB	Absolution	2003	['alternative', 'alternative and punk', 'rock']
41164ae9-e207-4014-8059-07b8a2aa26e2	Bones	95e1ead9-4d31-4808-a7ac-32c3614c116b	The Killers	US	Sam’s Town	2006	['rock', 'alternative rock', 'alternative rock']
430aa3d3-3dac-4bd5-857d-eb10212ffefb	Like a Rolling Stone	72c536dc-7137-4477-a521-567eeb840fa8	Bob Dylan	US	Highway 61 Revisited	1965	['folk rock', 'rock', 'acoustic']
43156f35-eead-47a8-9ffe-6fdcd915f031	Creep	a74b1b7f-71a5-4011-9441-d0b5e4122711	Radiohead	GB	Creep	1992	['alternative rock', 'alternative', 'general alternative']
4381574e-7a46-4773-b23a-372dbbe1ff59	Munich	0efe858c-89e5-4e47-906a-356fa953fd6e	Editors	GB	Munich	2005	['indie rock', 'indieindie', 'alternative rock']
44135d7f-f5d6-4ef9-8518-ed11f5b705e7	One	a3cb23fc-acd3-4ce0-8f36-1e5aa6a18432	U2	IE	Achtung Baby	1991	['rock', 'adult alternative pop/rock', 'adult alternative rock']
45024040-a343-4141-9bc9-27ef0cc9163d	Somebody Told Me	95e1ead9-4d31-4808-a7ac-32c3614c116b	The Killers	US	Hot Fuss	2004	['alternative rock', 'rock', 'alternative and punk']
4524d8db-3d9f-4349-aa0e-185a2a6ae502	Wonderwall	39ab1aed-75e0-4140-bd47-540276886b60	Oasis	GB	Rock Line Best Of (disc 1)	1995	['rock', 'britpop', 'alternative rock']
46909ba9-46c7-461e-a2ef-280eacd550e4	Jenny Was a Friend of Mine	95e1ead9-4d31-4808-a7ac-32c3614c116b	The Killers	US	3-Track Sampler	2004	['rock', 'garage rock', 'new wave']
47b02a82-c3bf-4647-b894-dd1c8f608e7f	Let Down	a74b1b7f-71a5-4011-9441-d0b5e4122711	Radiohead	GB	OK Computer	1997	['alternative rock', 'alternative and punk', 'alternative & punk']
47c55bd9-0bd8-45b0-8a3c-c9b0ddfb98d2	Succexy	4449ccf6-c948-4d33-aa97-b6ad98ce4b5b	Metric	CA	Old World Underground, Where Are You Now?	2003	['rock', 'canada', '00s']
49888c84-b4f7-491e-a93c-40c6c0393c19	Paranoid Android	a74b1b7f-71a5-4011-9441-d0b5e4122711	Radiohead	GB	OK Computer	1997	['alternative rock', 'alternative and punk', 'alternative & punk']
4a1a16d0-3bb2-46bb-83f6-3d7f75de054b	Don’t Panic	cc197bad-dc9c-440d-a5b5-d52ba2e14234	Coldplay	GB	Parachutes	2000	['alternative rock', 'alternative', 'britpop']
4a7fea2e-545b-4c63-bc9a-9943cc3a29d7	Airbag	a74b1b7f-71a5-4011-9441-d0b5e4122711	Radiohead	GB	OK Computer	1997	['alternative rock', 'art rock', 'rock']
4ad08552-6c35-49ed-bcc6-6822c8f9dfd8	When You Were Young	95e1ead9-4d31-4808-a7ac-32c3614c116b	The Killers	US	Sam’s Town	2006	['alternative', 'now music uk', 'pop']
4b4bae20-e02f-44db-b948-7720534ab116	Rehab	dfe9a7c4-8cf2-47f4-9dcb-d233c2b86ec3	Amy Winehouse	GB	Back to Black	2006	['soul', 'classic soul r b', 'neo-soul']
4ce20795-0558-4302-943a-7f621f49aad6	Suffragette City	5441c29d-3602-4898-b1a1-b77fa23b8e50	David Bowie	GB	The Rise and Fall of Ziggy Stardust and the Spiders From Mars	1972	['rock', 'pop rock', 'album rock']
4d7b8fcb-fafc-4416-9170-752f12e10a2e	Optimistic	a74b1b7f-71a5-4011-9441-d0b5e4122711	Radiohead	GB	Kid A	2000	['experimental rock', 'alt rock', 'alternative and punk']
4e09e693-ee84-462f-9d21-c5cecccdc5ac	Rock ’n’ Roll Suicide	5441c29d-3602-4898-b1a1-b77fa23b8e50	David Bowie	GB	The Rise and Fall of Ziggy Stardust and the Spiders From Mars	1972	['rock', 'album rock', 'glam']
4e17b118-70a6-4c1f-b326-b4ce91fd3fad	Soul Meets Body	0039c7ae-e1a7-4a7d-9b49-0cbc716821a6	Death Cab for Cutie	US	Soul Meets Body	2005	['alternative punk', 'indie', 'alternative']
4e6b187a-b6b6-4afd-a310-07fa9fdfd807	Stairway to Heaven	74e2c381-7a79-4c21-8738-20da383e14d2	Dread Zeppelin	US	5,000,000*	1991	['rock']
4f063cd8-1c74-4ef1-8d68-236123ef6438	Breathe	4a4ee089-93b1-4470-af9a-6ff575d32704	The Prodigy	GB	The Fat of the Land	1997	['alternative rock', 'breakbeat', 'big beat']
50509355-8685-4246-a3b8-5c832c260d65	Apocalypse Please	9c9f1380-2516-4fc9-a3e6-f9f61941d090	Muse	GB	Greatest Hits		['alternative and punk', 'alternative', 'rock']
522da5b6-9ce1-4fbb-9262-4914b91fb532	Green Eyes	cc197bad-dc9c-440d-a5b5-d52ba2e14234	Coldplay	GB	A Rush of Blood to the Head		['alternative rock', 'pop rock', 'alt rock']
526bd613-fddd-4bd6-9137-ab709ac74cab	While My Guitar Gently Weeps	b10bbbfc-cf9e-42e0-be17-e2c3e1d2600d	The Beatles	GB	The Beatles	1968	['rock', 'beat', 'album rock']
53479dbd-bc21-4374-a4ba-e0b683324b88	A Rush of Blood to the Head	cc197bad-dc9c-440d-a5b5-d52ba2e14234	Coldplay	GB	A Rush of Blood to the Head		['alternative rock', 'pop rock', 'alt rock']
54152ede-6c98-42fe-a312-b9bcfef027b9	Mardy Bum	ada7a83c-e3e1-40f1-93f9-3e73dbc9298a	Arctic Monkeys	GB	Whatever People Say I Am, That’s What I’m Not		['alternative', 'indie rock', 'alternative pop/rock']
560062d0-e122-46be-9d89-0f3b44077fdf	Mr. Brightside	95e1ead9-4d31-4808-a7ac-32c3614c116b	The Killers	US	Hot Fuss	2004	['rock', 'alternative rock', 'post-punk revival']
56994a73-ffd7-4498-a25f-dfba7cdb4fae	Gong	f6f2326f-6b25-4170-b89d-e235b25508e8	Sigur Rós	IS	2003-02-12: Hammersmith Apollo, London, UK		['icelandic', 'dream pop', 'ambient']
57d079a0-a195-453e-bb01-9ccff26a5de2	Iris	e2c00c56-8365-4160-9f40-a64682917633	Goo Goo Dolls	US	Iris	1998	['alternative rock', 'pop', 'acoustic rock']
5838f978-0822-4e28-874f-e1511324ec3a	Fitter Happier	a74b1b7f-71a5-4011-9441-d0b5e4122711	Radiohead	GB	OK Computer	1997	['alternative rock', 'alternative and punk', 'alternative pop/rock']
58b961e1-a2ef-4e92-a82b-199b15bb3cd8	Politik	cc197bad-dc9c-440d-a5b5-d52ba2e14234	Coldplay	GB	A Rush of Blood to the Head		['alternative rock', 'pop rock', 'alt rock']
59089222-1d55-45ff-b194-055780853a74	From the Ritz to the Rubble	ada7a83c-e3e1-40f1-93f9-3e73dbc9298a	Arctic Monkeys	GB	Best of 2005 / Best of 2006	2006	['alternative', 'alternative pop/rock', 'britannique']
5923b845-4cd7-4ef0-a5f3-e5548e51f322	Naive	f82f3a3e-29c2-42ca-b589-bc5dc210fa9e	The Kooks	GB	Essential Bands	2006	['britpop', 'indie pop', 'indie rock']
5ad10d77-123d-4768-83b5-76f483596107	Oh My God	90218af4-4d58-4821-8d41-2ee295ebbe21	Kaiser Chiefs	GB	Oh My God	2005	['britpop', 'british', 'indie rock']
5cb83907-1657-432a-bacd-7a07b09e9ce5	On Top	95e1ead9-4d31-4808-a7ac-32c3614c116b	The Killers	US	Drop-Kick the Shame		['indie rock', 'rock', 'alternative & punk']
5ce2cef0-e070-429b-9f98-7f06c9ea57b9	Helicopter	8c538f11-c141-4588-8ecb-931083524186	Bloc Party	GB	Helicopter	2004	['indie rock', 'pop', 'rock']
5f1ae806-d09a-4edf-8d90-9a44447285c6	This Charming Man	40f5d9e4-2de7-4f2d-ad41-e31a9a9fea27	The Smiths	GB	Hatful of Hollow	1984	['alternative and punk', 'alternative punk', 'alternative rock']
60bd9d53-01ff-4562-8058-eb44b3940317	Everything in Its Right Place	a74b1b7f-71a5-4011-9441-d0b5e4122711	Radiohead	GB	Kid A	2000	['alt rock', 'alternative and punk', 'experimental rock']
60d2d681-18c5-4639-8f6a-69a2ba4c5ed1	Beautiful Day	a3cb23fc-acd3-4ce0-8f36-1e5aa6a18432	U2	IE	Beautiful Day	2000	['rock', 'adult alternative pop/rock', 'adult alternative rock']
60e94685-0481-4d3d-bd84-11c389d9b2a5	Starlight	9c9f1380-2516-4fc9-a3e6-f9f61941d090	Muse	GB	Black Holes and Revelations	2006	['alternative pop/rock', 'alternative rock', 'rock']
610c0012-6eb4-42a0-b759-3a2532ce0f15	The Tourist	a74b1b7f-71a5-4011-9441-d0b5e4122711	Radiohead	GB	OK Computer	1997	['alternative rock', 'alternative and punk', 'alternative pop/rock']
61267686-d9d4-4c68-b08a-ab356ea49cae	Silent Shout	bf710b71-48e5-4e15-9bd6-96debb2e4e98	The Knife	SE	From Sweden With Love	2006	['electronic', 'electronic', 'synthpop']
67f3e938-7ff3-4ccf-be54-e4ef5291a1df	This Boy	aa7a2827-f74b-473c-bd79-03d065835cf7	Franz Ferdinand	GB	2004-08-22: Lowlands Festival, Biddinghuizen, The Netherlands		['indie rock', 'art rock', 'british']
6830b87a-4351-4873-b2ee-80f433a522c5	No Surprises	a74b1b7f-71a5-4011-9441-d0b5e4122711	Radiohead	GB	OK Computer	1997	['alternative rock', 'alternative pop/rock', 'alternative/indie rock']
68a1bf99-a7af-4ba4-8ea0-c99ad0ea108c	You Could Have It So Much Better	aa7a2827-f74b-473c-bd79-03d065835cf7	Franz Ferdinand	GB	You Could Have It So Much Better	2005	['rock', 'alternative/indie rock', 'indie rock']
6939cb75-7f95-47b7-a347-1277137a1382	Girlfriend in a Coma	40f5d9e4-2de7-4f2d-ad41-e31a9a9fea27	The Smiths	GB	Strangeways, Here We Come	1987	['indie rock', 'alternative punk', 'indie pop']
69443781-a8e6-4ee8-8b76-baa50e5e246b	God Put a Smile Upon Your Face	cc197bad-dc9c-440d-a5b5-d52ba2e14234	Coldplay	GB	A Rush of Blood to the Head	2002	['alternative rock', 'pop rock', 'alt rock']
69cabdb6-0909-4177-b41d-6f39e75c250b	Heaven Knows I’m Miserable Now	40f5d9e4-2de7-4f2d-ad41-e31a9a9fea27	The Smiths	GB	Hatful of Hollow	1984	['indie rock', 'alternative and punk', 'alternative punk']
6a4cbfba-764e-4bf4-9c83-383508261509	So Here We Are	8c538f11-c141-4588-8ecb-931083524186	Bloc Party	GB	Silent Alarm	2005	['indie rock', 'rock', 'indie rock']
6b770b21-5c8f-4a93-8f90-11bc6de33ee8	Strangers	8f6bd1e4-fbe1-4f50-aa9b-94c450ec0f11	Portishead	GB	Roseland NYC Live	1998	['acid jazz', 'trip hop', 'classical crossover']
6b9a509f-6907-4a6e-9345-2f12da09ba4b	With or Without You	a3cb23fc-acd3-4ce0-8f36-1e5aa6a18432	U2	IE	The Joshua Tree	1987	['rock', 'adult alternative rock', 'pop rock']
6d294fcd-d214-42b0-8640-6ab202a937d7	Kids With Guns	e21857d5-3256-4547-afb3-4b6ded592596	Gorillaz	GB	Demon Days		['electronic', 'alternative rock', 'hip hop']
6f5270a3-5491-4007-ab61-b346a5fd0d2b	Fade Together	aa7a2827-f74b-473c-bd79-03d065835cf7	Franz Ferdinand	GB	You Could Have It So Much Better	2005	['rock', 'alternative/indie rock', 'indie rock']
702fedbd-761d-46e1-ac0d-80ad99ec7894	Cold Water	2119beb8-6ac5-4f21-82a4-b831c90c0024	Damien Rice	IE	O	2002	['chanteur', 'folk', 'irlandais']
71557258-6534-4b56-8007-3903ace2d869	Shiver	cc197bad-dc9c-440d-a5b5-d52ba2e14234	Coldplay	GB	Parachutes	2000	['alternative rock', 'alternative', 'alternative pop/rock']
729cf505-94eb-4fbe-bc76-cbae44cff091	Yellow	cc197bad-dc9c-440d-a5b5-d52ba2e14234	Coldplay	GB	Parachutes	2000	['alternative rock', 'alternative', 'alternative and punk']
72cd6bf6-d8ec-471c-84fa-c92b6647b8cf	Smile Like You Mean It	95e1ead9-4d31-4808-a7ac-32c3614c116b	The Killers	US	Hot Fuss	2004	['indie rock', 'rock', 'garage rock']
72e52e92-c273-4b19-9821-5f812484d76d	Chasing Cars	a66999a7-ae5c-460e-ba94-1a01143ae847	Snow Patrol	GB	Eyes Open	2006	['alternative', 'alternative and punk', 'alternative rock']
731989ab-8e96-4d1a-871f-d2e78faa4d0a	Hey Jude	b10bbbfc-cf9e-42e0-be17-e2c3e1d2600d	The Beatles	GB	Hey Jude (The Beatles Again)	1970	['rock', 'beat', 'pop rock']
73ab107e-5af3-466d-b813-e5cb375ff511	This Modern Love	8c538f11-c141-4588-8ecb-931083524186	Bloc Party	GB	Silent Alarm	2005	['indie rock', 'rock', 'indie rock']
78b3b6bb-1f11-432b-8763-b8109874b8e0	Midnight Show	95e1ead9-4d31-4808-a7ac-32c3614c116b	The Killers	US	Hot Fuss		['indie rock', 'alternative pop/rock', 'garage rock']
79047824-f821-4b1a-9893-e0cea1c947dd	Lucky	a74b1b7f-71a5-4011-9441-d0b5e4122711	Radiohead	GB	Help	1995	['alternative rock', 'alternative and punk', 'alternative & punk']
7a3e8796-a0b3-4999-b268-4e2d47912e3c	Otherside	8bfac288-ccc5-448d-9573-c33ea2aa5c30	Red Hot Chili Peppers	US	Californication	1999	['alternative rock', '00s', 'rock']
7a933538-2fb2-4d43-9fac-030840935409	Light My Fire	9efff43b-3b29-4082-824e-bc82f646f93d	The Doors	US	The Doors	1967	['acid rock', 'rock', 'psychedelic rock']
7c544629-8ce3-4b2e-8460-51c72d6f3722	Run	a66999a7-ae5c-460e-ba94-1a01143ae847	Snow Patrol	GB	Final Straw	2003	['indie rock', 'new bands', 'alternative rock']
7ee10fcf-4481-4080-86cd-6056c1341657	Blue Light	8c538f11-c141-4588-8ecb-931083524186	Bloc Party	GB	Silent Alarm	2005	['indie rock', 'rock', 'indie rock']
7f1f45c0-0101-49e9-8d69-23951d271163	Love Will Tear Us Apart	8a26ca9b-d542-449b-a5e7-224da9eb8a77	Boy Division	DE	Bis auf Weiteres eine Demonstration: Geräusche für den Tag danach	2003	[]
7f72fe03-4d79-48c0-bc88-11cec7525ed5	Square One	cc197bad-dc9c-440d-a5b5-d52ba2e14234	Coldplay	GB	2005-03-12: Universal City, CA, USA		['british', 'pop', 'pop rock']
80549cae-482b-4e25-8f86-b41f47ef9782	Holiday	084308bd-1654-436f-ba03-df6697104e19	Green Day	US	American Idiot	2004	['punk rock', 'alternative', 'adult alternative pop/rock']
80b01c13-2e4b-4f7f-9a4a-d6efc869eebc	You’re Beautiful	ebee61b4-bbdd-4087-9bcb-d5aa099088ec	James Blunt	GB	Back to Bedlam	2004	['alternative rock', 'acoustic', 'pop male singer-songwriter']
82eda381-2e04-4ee8-b195-9cb7e948a614	Come Together	b10bbbfc-cf9e-42e0-be17-e2c3e1d2600d	The Beatles	GB	Abbey Road	1969	['pop rock', 'album rock', 'adult alternative pop rock']
82ee74b0-2461-4653-9384-465d3e2557e0	You Know I’m No Good	dfe9a7c4-8cf2-47f4-9dcb-d233c2b86ec3	Amy Winehouse	GB	2007-10-15: Absolutely Live, Tempodrom, Berlin (Radio FM 1 Broadcast)	2008	['classic soul r b', 'soul', 'contemporary r&b']
83cf16bc-01db-4766-9e3e-f3c796639cf2	High and Dry	a74b1b7f-71a5-4011-9441-d0b5e4122711	Radiohead	GB	The Bends	1995	['rock', 'alternative and punk', 'alternative pop/rock']
84649f3b-6da6-4da6-8e33-a7a990b69516	Space Oddity	5441c29d-3602-4898-b1a1-b77fa23b8e50	David Bowie	GB	Man of Words/Man of Music	1969	['rock', 'pop rock', 'space rock']
86cc4d92-96cd-4aae-aec8-a7e6b130a233	Andy, You’re a Star	95e1ead9-4d31-4808-a7ac-32c3614c116b	The Killers	US	Hot Fuss		['indie rock', 'rock', 'alternative pop/rock']
87802163-248b-4766-a051-ac5fcd5dd548	The Fallen	aa7a2827-f74b-473c-bd79-03d065835cf7	Franz Ferdinand	GB	You Could Have It So Much Better	2005	['rock', 'alternative', 'alternative/indie rock']
8a4b56f7-682d-4887-bcfb-819273c87897	Live Forever	39ab1aed-75e0-4140-bd47-540276886b60	Oasis	GB	CMJ New Music Monthly, Volume 16: December 1994	1994-12	['britpop', 'british', 'rock']
8a61534c-f605-4b76-a6f3-856124aeb13a	Tell Her Tonight	aa7a2827-f74b-473c-bd79-03d065835cf7	Franz Ferdinand	GB	Franz Ferdinand	2004	['alternative punk', 'indie', 'alternative/indie rock']
8ebb47f5-d7d5-4c72-ba7d-cd09eb10ef94	Dani California	8bfac288-ccc5-448d-9573-c33ea2aa5c30	Red Hot Chili Peppers	US	Stadium Arcadium	2006	['alternative rock', 'rock', '00s']
91419a25-1374-48bb-9f3e-7def471637f0	Boys Don’t Cry	69ee3720-a7cb-4402-b48d-a02c366f2bcf	The Cure	GB	No Thanks! The ’70s Punk Rebellion		['new wave', 'alternative rock', 'alternative']
91593967-86a0-4df8-bf63-d5123a39c265	Blackout	9c9f1380-2516-4fc9-a3e6-f9f61941d090	Muse	GB	Absolution	2003	['alternative and punk', 'alternative-rock', 'rock']
938ecadc-f343-4c06-a754-c9f262be1088	My Iron Lung	a74b1b7f-71a5-4011-9441-d0b5e4122711	Radiohead	GB	My Iron Lung	1994	['rock', 'alternative rock', 'alternative']
95bbd3fd-470e-47df-b5eb-af55df0e8da5	Eleanor Rigby	b10bbbfc-cf9e-42e0-be17-e2c3e1d2600d	The Beatles	GB	Revolver	1966	['rock', 'am pop', 'beat music']
96779df5-15dc-4fa2-9496-7c9878786a5c	All I Need	cb67438a-7f50-4f2b-a6f1-2bb2729fd538	Air	FR	1998-11-02: Shepherds Bush Empire, London, UK		['electronic', 'french', 'downtempo']
9818875b-a98e-4e82-bd4a-83c0594f333b	Playground Love	cb67438a-7f50-4f2b-a6f1-2bb2729fd538	Air	FR	The Virgin Suicides	2000	['ambient', 'ambient pop', 'electronic']
987a88ef-6f47-479c-a0ad-1a17aa85e8ed	Electric Feel	c485632c-b784-4ee9-8ea1-c5fb365681fc	MGMT	US	Oracular Spectacular	2007	['alternative rock', '2000s alternative & indie pop-rock', 'electronic']
9aa9edb6-822f-4437-b60a-5b34fa7d5f9c	Eddie’s Gun	f82f3a3e-29c2-42ca-b589-bc5dc210fa9e	The Kooks	GB	Eddie's Gun	2005	['britpop', 'indie rock', 'indie pop']
9b8c653b-a162-494e-8f1d-ee274e1ce524	Sæglópur	f6f2326f-6b25-4170-b89d-e235b25508e8	Sigur Rós	IS	Takk…	2005	['ambient', 'post rock', 'alternative punk']
9cd3daca-eab7-4db8-8af8-21b3da550c28	Talk	cc197bad-dc9c-440d-a5b5-d52ba2e14234	Coldplay	GB	X&Y	2005	['brit pop', 'rock', 'alternative and punk']
9da530c1-705e-40e6-9916-86076b76c8f8	Speed of Sound	cc197bad-dc9c-440d-a5b5-d52ba2e14234	Coldplay	GB	2005-03-12: Universal City, CA, USA		['british', 'pop', 'pop rock']
9e2ad5bc-c6f9-40d2-a36f-3122ee2072a3	Karma Police	a74b1b7f-71a5-4011-9441-d0b5e4122711	Radiohead	GB	OK Computer	1997	['alternative rock', 'alternative and punk', 'alternative & punk']
9e822be1-3e68-4786-a901-237dcbdf2226	Just Like Heaven	69ee3720-a7cb-4402-b48d-a02c366f2bcf	The Cure	GB	Kiss Me Kiss Me Kiss Me	1987	['alternative rock', 'new wave', 'rock']
9f17eb0c-9b6a-471b-af27-649270b576de	Fake Plastic Trees	a74b1b7f-71a5-4011-9441-d0b5e4122711	Radiohead	GB	The Bends	1995	['rock', 'alternative and punk', 'alternative pop/rock']
a00f964e-1030-44b5-8dd5-11ee25e26f29	Mr. Brightside	95e1ead9-4d31-4808-a7ac-32c3614c116b	The Killers	US	Hot Fuss	2004	['rock', 'alternative rock', 'post-punk revival']
a01ce43e-1706-4c7e-b461-1265b9615377	Evil and a Heathen	aa7a2827-f74b-473c-bd79-03d065835cf7	Franz Ferdinand	GB	You Could Have It So Much Better	2005	['rock', 'alternative', 'alternative/indie rock']
a0ca0cc0-cc0d-431c-8a36-dd917ea0dfa2	Ziggy Stardust	5441c29d-3602-4898-b1a1-b77fa23b8e50	David Bowie	GB	The Rise and Fall of Ziggy Stardust and the Spiders From Mars	1972	['rock', 'album rock', 'bowie']
a1818245-54db-4881-86be-7ff3180c3e06	Take Me Out	aa7a2827-f74b-473c-bd79-03d065835cf7	Franz Ferdinand	GB	Franz Ferdinand	2004	['indie rock', 'rock', 'alternative punk']
a1a4b6c4-d1c5-4a26-b155-75052d407c83	Wake Up	52074ba6-e495-4ef3-9bb4-0703888a9f68	Arcade Fire	CA	Funeral	2004	['indie rock', '00s', 'alternative and punk']
a28635ae-0520-401c-be53-20f4846f0113	Knights of Cydonia	9c9f1380-2516-4fc9-a3e6-f9f61941d090	Muse	GB	Black Holes and Revelations	2006	['alternative pop/rock', 'rock', 'alternative rock']
a478f801-521b-40e7-8bb4-5faeffb1f3e4	The Scientist	cc197bad-dc9c-440d-a5b5-d52ba2e14234	Coldplay	GB	A Rush of Blood to the Head	2002	['alternative rock', 'alt rock', 'pop rock']
a528ba1a-564f-42da-9953-01f7db07e881	City of Delusion	9c9f1380-2516-4fc9-a3e6-f9f61941d090	Muse	GB	Greatest Hits		['alternative pop/rock', 'rock', 'alternative rock']
a5741d3d-c925-4070-8a83-910d23eb33d4	I Will Follow You Into the Dark	0039c7ae-e1a7-4a7d-9b49-0cbc716821a6	Death Cab for Cutie	US	Plans	2005	['alternative and punk', 'alternative punk', 'indie pop']
a71a53cb-f0b7-4c76-9109-cb75b425bf9c	Club Foot	69b39eab-6577-46a4-a9f5-817839092033	Kasabian	GB	Club Foot	2004	['alternative rock', 'indie rock', 'alternative dance']
a73e9515-0d9b-480d-a7c0-188aa566522d	Nothing Better	299278d3-25dd-4f30-bae4-5b571c28034d	The Postal Service	US	Give Up		['alternative and punk', 'alternative rock', 'idm']
a818e115-26d3-40ae-b7ee-f7f3f91ede63	Endlessly	9c9f1380-2516-4fc9-a3e6-f9f61941d090	Muse	GB	Absolution		['alternative and punk', 'alternative-rock', 'rock']
aa25d281-b2bc-4555-9798-7f4413a3f243	Pictures of You	69ee3720-a7cb-4402-b48d-a02c366f2bcf	The Cure	GB	Disintegration	1989	['new wave', 'alternative rock', 'darkwave']
aa6c54d3-226b-47d6-85b9-2adf3e22ebaf	Crazy	a47c3aa2-7d87-475c-a2c7-1e2047dafb09	Gnarls Barkley	US	Sonically Speaking, Volume 28: April 2006	2006-04	['neo-soul', 'alternative rap', 'electronica']
ab3f9dac-41e5-4cf4-bf0a-b0b9516f973a	Sing for Absolution	9c9f1380-2516-4fc9-a3e6-f9f61941d090	Muse	GB	Absolution	2003	['alternative', 'alternative and punk', 'alternative-rock']
ac1ae5ed-02e2-4eba-ad2d-e861a6bf04b2	London Calling	8f92558c-2baa-4758-8c38-615519e9deda	The Clash	GB	London Calling	1979	['punk rock', 'punk', 'rock']
ad922fb0-f2ac-4d47-803f-a61cfa69117e	The Bends	a74b1b7f-71a5-4011-9441-d0b5e4122711	Radiohead	GB	The Bends	1995	['rock', 'alternative and punk', 'alternative pop/rock']
b10175e6-a3d7-4102-b97b-7f1b88c94cd3	Street Spirit (Fade Out)	a74b1b7f-71a5-4011-9441-d0b5e4122711	Radiohead	GB	The Bends	1995	['rock', 'alternative rock', 'alternative pop/rock']
b39b7227-c271-4ab8-912b-cb1fe2fc0e5e	Song 2	ba853904-ae25-4ebb-89d6-c44cfbd71bd2	Blur	GB	Blur	1997	['alternative rock', 'rock', 'brit pop']
b60ff03a-0afc-498b-8f4d-087a5b0a921c	Ruled by Secrecy	9c9f1380-2516-4fc9-a3e6-f9f61941d090	Muse	GB	Absolution	2003	['alternative and punk', 'alternative-rock', 'alternative']
b642887c-a879-4c41-9998-bb255f19ad46	Everyday I Love You Less and Less	90218af4-4d58-4821-8d41-2ee295ebbe21	Kaiser Chiefs	GB	Everyday I Love You Less and Less		['brit pop', 'consensus rock', 'indie rock']
b7e172f3-1f8f-49bf-a4a9-141cd64979c7	Love Is a Losing Game	dfe9a7c4-8cf2-47f4-9dcb-d233c2b86ec3	Amy Winehouse	GB	Back to Black	2006	['soul', 'contemporary r&b', 'neo-soul']
b98ecf78-fd30-4c8e-aabd-a66dee68ad97	Hope There's Someone	90cc2464-234e-4da0-b39b-576f36e633bc	Antony and the Johnsons	GB	Hope There's Someone	2005	['indie', 'england', 'uk']
b9dc4b7b-34e0-4028-ae5d-756bf08e5f48	Spanish Bombs	8f92558c-2baa-4758-8c38-615519e9deda	The Clash	GB	London Calling	1979	['punk rock', 'punk', 'alternative and punk']
ba0a796c-bd1f-4d4b-85a8-918f217a204a	Electioneering	a74b1b7f-71a5-4011-9441-d0b5e4122711	Radiohead	GB	OK Computer	1997	['alternative rock', 'alternative and punk', 'alternative pop/rock']
bd82738d-163c-4b1a-bfaf-7acffe30e68a	Subterranean Homesick Alien	a74b1b7f-71a5-4011-9441-d0b5e4122711	Radiohead	GB	OK Computer	1997	['alternative rock', 'acoustic', 'alternative and punk']
c102891a-d4dd-442b-83b5-fa57cc6c1026	Hysteria	9c9f1380-2516-4fc9-a3e6-f9f61941d090	Muse	GB	Absolution	2003	['rock', 'alternative', 'alternative and punk']
c1e23010-157d-43db-b1f1-6fedd90525d9	First Day of My Life	78f797e3-4913-4026-aad0-1cd858bd735b	Bright Eyes	US	2003‐04‐10: KCRW Morning Becomes Eclectic		['alternative country', 'indie folk', 'alternative country']
c257113a-c792-4f8d-b18f-2bf1fe8f863f	Hide and Seek	328d146c-79f1-4eb6-9e40-8ee5710c14e5	Imogen Heap	GB	Hide and Seek	2005	['alternative and punk', 'downtempo', 'electronic']
c2f1ab81-cb20-4617-80d5-db055eff889a	Cheating on You	aa7a2827-f74b-473c-bd79-03d065835cf7	Franz Ferdinand	GB	Franz Ferdinand		['alternative punk', 'alternative/indie rock', 'indie']
c3823516-739c-4697-933b-f7f260e9aa60	Soldier’s Poem	9c9f1380-2516-4fc9-a3e6-f9f61941d090	Muse	GB	Black Holes and Revelations		['alternative pop/rock', 'alternative rock', 'rock']
c7225576-001e-423c-adc1-58f0985dcb27	Climbing Up the Walls	a74b1b7f-71a5-4011-9441-d0b5e4122711	Radiohead	GB	OK Computer	1997	['alternative rock', 'alternative and punk', 'alternative pop/rock']
c741a7ef-dd33-4c79-a4d4-8745d9675620	Kids	c485632c-b784-4ee9-8ea1-c5fb365681fc	MGMT	US	Oracular Spectacular	2007	['electropop', 'dance-punk', 'electronic']
c7492f6e-adf3-4ff5-85dc-33d527dc81d8	The National Anthem	a74b1b7f-71a5-4011-9441-d0b5e4122711	Radiohead	GB	Kid A	2000	['alt rock', 'alternative and punk', 'experimental rock']
c835a61b-dcdb-41be-82d8-e52b4a1c8d0b	White Winter Hymnal	fa97dd36-1b82-43d7-a6e4-2adeafd59cef	Fleet Foxes	US	De Afrekening, Volume 45	2008	['alternative', 'folk', 'folk rock']
c837f888-d471-4b07-bcbc-1b9f7406ec1a	It Could Be Sweet	8f6bd1e4-fbe1-4f50-aa9b-94c450ec0f11	Portishead	GB	Dummy		['trip hop', 'trip-hop', 'acid jazz']
c988fa34-8382-43f3-87af-49dc94018c1e	Last Nite	f181961b-20f7-459e-89de-920ef03c7ed0	The Strokes	US	Is This It	2001	['rock', 'alternative and punk', '2001']
d0eb0d3c-cf52-4e23-8b6d-2fd03f7c8f70	Slow Hands	b23e8a63-8f47-4882-b55b-df2c92ef400e	Interpol	US	Antics		['alternative rock', 'indie rock', 'indie rock']
d143e43e-c0bb-4c5a-a6f0-ccfc448d66b5	Sleeping In	299278d3-25dd-4f30-bae4-5b571c28034d	The Postal Service	US	Give Up		['alternative rock', 'idm', 'indie']
d36b0bd9-f8cb-4241-b7b6-151c7eb8e05d	Do You Want To	aa7a2827-f74b-473c-bd79-03d065835cf7	Franz Ferdinand	GB	There Are Two Sides to Every Story	2005	['alternative', 'alternative & punk', 'rock']
d604a1b6-2cbd-4dc6-9682-a746405f247b	Map of the Problematique	9c9f1380-2516-4fc9-a3e6-f9f61941d090	Muse	GB	Black Holes and Revelations		['alternative pop/rock', 'alternative', 'alternative rock']
d60bc6ee-fd5a-4b00-a347-fc3a10a21c7f	Rock the Casbah	8f92558c-2baa-4758-8c38-615519e9deda	The Clash	GB	Combat Rock	1982	['acid jazz', 'alternative and punk', 'alternative rock']
d621a12a-d1a2-43a3-a401-fcab6e92835b	American Idiot	084308bd-1654-436f-ba03-df6697104e19	Green Day	US	American Idiot	2004	['alternative rock', 'pop punk', 'punk rock']
da120962-6354-427f-9419-69dfd86cc366	Let Go	d614b0ad-fe3a-4927-b413-48cb831a814b	Frou Frou	GB	Details		['techno', 'trip hop', 'alternative rock']
da1308d1-6037-4ba1-b6fc-a643a4201140	Hallelujah	e6e879c0-3d56-4f12-b3c5-3ce459661a8e	Jeff Buckley	US	Grace	1994	['alternative', 'alternative pop singer-songwriter', 'alternative rock']
db16d0b3-b8ce-4aa8-a11a-e4d53cc7f8a6	Such Great Heights	299278d3-25dd-4f30-bae4-5b571c28034d	The Postal Service	US	Celebrate Independents	2003	['alternative and punk', 'alternative rock', 'electro rock']
db4c9220-df76-4b42-b6f5-8bf52cc80f77	Heartbeats	bf710b71-48e5-4e15-9bd6-96debb2e4e98	The Knife	SE	Deep Cuts		['electropop', 'synthpop', 'electronic']
dc245436-aacf-432a-8f8f-6cf50951f710	Na Na Na Na Naa	90218af4-4d58-4821-8d41-2ee295ebbe21	Kaiser Chiefs	GB	Employment	2005	['brit pop', 'consensus rock', 'indie rock']
dd7ff71a-c84a-42a3-ba27-98a7de08770e	Somewhere Only We Know	c7020c6d-cae9-4db3-92a7-e5c561cbad50	Keane	GB	Hopes and Fears	2004	['alternative rock', 'indie pop', 'alternative & punk']
e0c81899-a69b-42e7-bc57-1edd2f30562a	Like Eating Glass	8c538f11-c141-4588-8ecb-931083524186	Bloc Party	GB	Silent Alarm	2005	['indie rock', 'rock', 'indie rock']
e234705a-d068-43d5-a122-cef8f056588e	Just	a74b1b7f-71a5-4011-9441-d0b5e4122711	Radiohead	GB	The Bends	1995	['rock', 'alternative rock', 'alternative and punk']
e6414162-7adf-4c52-b325-5361dc84a059	By the Way	8bfac288-ccc5-448d-9573-c33ea2aa5c30	Red Hot Chili Peppers	US	By the Way	2002	['alternative rock', 'rock', 'funk metal']
e6e49d48-29d6-4eb0-85eb-98faff008f03	Processed Beats	69b39eab-6577-46a4-a9f5-817839092033	Kasabian	GB	Kasabian	2004	['indie', 'rock', 'alternative rock']
e7b022c5-bce7-4bee-8136-7889af2f4162	Changes	5441c29d-3602-4898-b1a1-b77fa23b8e50	David Bowie	GB	Hunky Dory	1971-12	['rock', 'art rock', 'pop rock']
eafca7e2-e4f1-4479-b847-2e1cca83aba0	Where Is My Mind?	b6b2bb8d-54a9-491f-9607-7b546023b433	Pixies	US	Surfer Rosa	1988	['alternative rock', 'rock', 'alternative and punk']
eb612418-2d98-49af-9fdf-64362326632b	Scar Tissue	8bfac288-ccc5-448d-9573-c33ea2aa5c30	Red Hot Chili Peppers	US	Scar Tissue	1999	['alternative rock', 'rock', '00s']
ee665b60-8023-4452-8c14-a996670619de	C’mere	b23e8a63-8f47-4882-b55b-df2c92ef400e	Interpol	US	Der Fischer und seine Frau		['alternative rock', 'indie', 'indie rock']
f21490b1-a32d-41a8-a49f-08270fae13df	She’s Hearing Voices	8c538f11-c141-4588-8ecb-931083524186	Bloc Party	GB	She’s Hearing Voices	2004	['indie rock', 'alternative rock', 'british']
f319e959-c815-41f6-b1b4-65a7103debad	Everybody’s Changing	c7020c6d-cae9-4db3-92a7-e5c561cbad50	Keane	GB	Here Without You	2004	['alternative rock', 'alternative & punk', 'alternative and punk']
f3bba4cd-8018-468b-902e-bc8f029593e5	Teardrop	10adbe5e-a2c0-4bf3-8249-2b4cbf6e6ca8	Massive Attack		Tear Drop	1998	['trip hop', 'downtempo', 'electronic']
f5e93176-0829-4823-a5be-3333e226824b	I Bet You Look Good on the Dancefloor	ada7a83c-e3e1-40f1-93f9-3e73dbc9298a	Arctic Monkeys	GB	I Bet You Look Good on the Dancefloor		['alternative', 'alternative and punk', 'rock']
f67934a9-fdb1-4cdd-8e23-209b220f8a8d	Daylight	cc197bad-dc9c-440d-a5b5-d52ba2e14234	Coldplay	GB	A Rush of Blood to the Head		['alternative rock', 'pop rock', 'alt rock']
f6b0d094-f2c3-476c-b4cc-f354cb377929	In My Place	cc197bad-dc9c-440d-a5b5-d52ba2e14234	Coldplay	GB	A Rush of Blood to the Head	2002	['alternative rock', 'alt rock', 'pop rock']
f874c752-65bc-4d50-ac7e-932243ae9f02	Rebellion (Lies)	52074ba6-e495-4ef3-9bb4-0703888a9f68	Arcade Fire	CA	Funeral	2004	['indie rock', 'alternative punk', 'alternative rock']
f87a0c54-60ef-4db1-9628-96677504692d	There Is a Light That Never Goes Out	40f5d9e4-2de7-4f2d-ad41-e31a9a9fea27	The Smiths	GB	The Queen Is Dead	1986	['alternative and punk', 'alternative punk', 'blues']
faac4222-d476-48bd-aaac-e2b46b0f8262	NARC	b23e8a63-8f47-4882-b55b-df2c92ef400e	Interpol	US	NARC		['alternative rock', 'indie rock', 'indie rock']
fdae8b76-f5b8-4458-bf32-81885000980b	Something	b10bbbfc-cf9e-42e0-be17-e2c3e1d2600d	The Beatles	GB	Abbey Road	1969	['album rock', 'pop rock', 'beat']
feecff58-8ee2-4a7f-ac23-dc8ce7925286	Wish You Were Here	83d91898-7763-47d7-b03b-b92132375c47	Pink Floyd	GB	Wish You Were Here	1975	['rock', 'progressive rock', 'album rock']
ff1e3e1a-f6e8-4692-b426-355880383bb6	Supermassive Black Hole	9c9f1380-2516-4fc9-a3e6-f9f61941d090	Muse	GB	Black Holes and Revelations	2006	['alternative pop/rock', 'rock', 'alternative']
067e8d88-5188-4fd2-8c2e-d3439c82152f	Destroy Everything You Touch	b45335d1-5219-4262-a44d-936aa36eeaed	Ladytron	GB	Witching Hour	2005	['electronic', 'synth-pop', 'british']
13dd61c7-ce73-4e97-9f0c-9f0e53144411	Closer	b7ffd2af-418f-4be2-bdd1-22f8b48613da	Nine Inch Nails	US	The Downward Spiral	1994	['industrial', 'alternative rock', 'alternative metal']
15f16efc-8762-4151-95ab-c12d06268640	Digital Love	056e4f3e-d505-4dad-8ec1-d04f521cbb56	Daft Punk	FR	Discovery		['club/dance', 'electronic', 'house']
1612c91a-f7f3-4727-901d-bb338987132d	Obstacle 1	b23e8a63-8f47-4882-b55b-df2c92ef400e	Interpol	US	Turn On the Bright Lights		['rock', 'indie rock', 'post-punk']
17e27fa2-f48f-4cb9-9712-1b990ea77b54	Ooh La La	7b885d42-3c41-4f43-9944-a5855ec5155e	Goldfrapp	GB	The Singles		['electronica dance', 'electronic', 'pop']
1e3668b5-3053-40f7-8bda-0ba987b37cbe	Porcelain	8970d868-0723-483b-a75b-51088913d3d4	Moby	US	Play	1999	['electronic', 'breakbeat', 'electronica dance']
1f21c40d-6e29-4c67-a5c9-fa50aa59b3e7	Remember	cb67438a-7f50-4f2b-a6f1-2bb2729fd538	Air	FR	Moon Safari	1998	['ambient', 'downtempo', 'blues']
1fcb34f6-db41-4440-833e-934b86124000	Monkey Gone to Heaven	b6b2bb8d-54a9-491f-9607-7b546023b433	Pixies	US	Doolittle	1989	['rock', 'alternative and punk', 'alternative rock']
2042ce91-f5fe-4fce-b451-b3354843b193	In Bloom	5b11f4ce-a62d-471e-81fc-a69a8278c7da	Nirvana	US	Nevermind	1991	['alternative', 'rock', 'alternative pop/rock']
279cfaed-f5fb-465e-b266-ecf896b7fb1b	Hand in Glove	40f5d9e4-2de7-4f2d-ad41-e31a9a9fea27	The Smiths	GB	Hatful of Hollow	1984	['alternative rock', 'indie rock', 'indie pop']
2a5c6d93-f153-44e5-b747-2bd7b5156212	The Man Who Sold the World	5b11f4ce-a62d-471e-81fc-a69a8278c7da	Nirvana	US	MTV Unplugged in New York		['grunge', 'acoustic', 'alternative/indie rock']
2fe73d9b-a345-4673-b09f-1a67eca27b94	Breathe Me	2f548675-008d-4332-876c-108b0c7ab9c5	Sia	AU	Colour the Small One	2004	['lo-fi', 'chillout', 'downtempo']
30c5ff56-efc9-41c5-aac5-8acec846f793	No Cars Go	52074ba6-e495-4ef3-9bb4-0703888a9f68	Arcade Fire	CA	Arcade Fire	2003	['alternative and punk', '00s', 'alternative rock']
31600df4-e6dd-48ca-9f6b-8804027d8d6e	Jigsaw Falling Into Place	a74b1b7f-71a5-4011-9441-d0b5e4122711	Radiohead	GB	In Rainbows		['alt rock', 'alternative pop/rock', 'alternative rock']
3e8b5133-da14-4d9d-a1b0-0848bb6ae2ea	Last Living Souls	e21857d5-3256-4547-afb3-4b6ded592596	Gorillaz	GB	Demon Days		['electronic', 'alternative', 'alternative hip-hop']
44c09423-8dd9-4183-bb41-3d8043e73f71	Na Na Na	bf710b71-48e5-4e15-9bd6-96debb2e4e98	The Knife	SE	Silent Shout	2006	['electronic', 'electronic', 'synthpop']
497e13fb-cd12-4059-94eb-6982a95aa15f	She’s Lost Control	9a58fda3-f4ed-4080-a3a5-f457aac9fcdd	Joy Division	GB	Unknown Pleasures	1979	['alternative', 'alternative and punk', 'post-punk']
504d5f0a-e43e-4c74-9c2c-a25573f24177	A Forest	69ee3720-a7cb-4402-b48d-a02c366f2bcf	The Cure	GB	Best		['new wave', 'britannique', 'gothic rock']
5616efb3-4c50-40ab-a792-e2e34faae75f	Morning Bell	a74b1b7f-71a5-4011-9441-d0b5e4122711	Radiohead	GB	Kid A	2000	['alt rock', 'alternative and punk', 'experimental rock']
5a3c6008-0aad-4b44-97d2-800f49647dd2	About a Girl	5b11f4ce-a62d-471e-81fc-a69a8278c7da	Nirvana	US	MTV Unplugged in New York	1994	['grunge', 'alternative', 'alternative/indie rock']
5eb6ecca-2e04-4dcb-92ce-9ff82c54abf0	Neverland	bf710b71-48e5-4e15-9bd6-96debb2e4e98	The Knife	SE	Radio EP	2006	['electronic', 'electronic', 'synthpop']
5f1c33b7-de18-4845-b9a1-6385bfec68e8	Trouble	cc197bad-dc9c-440d-a5b5-d52ba2e14234	Coldplay	GB	Parachutes	2000	['alternative', 'alternative and punk', 'alternative pop/rock']
5f4f78e0-148f-43e6-9e3a-f0af43312efe	Sympathy for the Devil	b071f9fa-14b0-4217-8e97-eb41da73f598	The Rolling Stones	GB	Beggars Banquet	1968	['rock', 'blues rock', 'blues']
6058976e-2120-47bb-92df-2fd2fd1b542f	Enjoy the Silence	8538e728-ca0b-4321-b7e5-cff6565dd4c0	Depeche Mode	GB	Violator	1990	['alternative dance', 'alternative pop/rock', 'college rock']
60fa767a-d85d-4991-82bc-4294e0b11ae7	One More Time	056e4f3e-d505-4dad-8ec1-d04f521cbb56	Daft Punk	FR	Discovery		['club/dance', 'house', 'electronic']
667ed35f-fbfb-440b-8351-9473ea2043b2	Lithium	5b11f4ce-a62d-471e-81fc-a69a8278c7da	Nirvana	US	From the Muddy Banks of the Wishkah		['grunge', 'blues', 'alternative pop/rock']
695d0c34-e5da-4f0a-b27c-67ae9ae0e8f4	Personal Jesus	8538e728-ca0b-4321-b7e5-cff6565dd4c0	Depeche Mode	GB	Violator	1990	['alternative dance', 'alternative pop/rock', 'college rock']
6c450822-41ca-444e-8be5-10ee5a9ea53a	Evil	b23e8a63-8f47-4882-b55b-df2c92ef400e	Interpol	US	Antics		['indie', 'indie rock', 'indie rock']
6c7fadb6-2cca-4a20-b8df-9994e7008cb2	Glory Box	8f6bd1e4-fbe1-4f50-aa9b-94c450ec0f11	Portishead	GB	Roseland NYC Live	1998	['acid jazz', 'trip hop', 'classical crossover']
6dfe539c-d453-4352-a744-4942dbdb1bd6	All Apologies	5b11f4ce-a62d-471e-81fc-a69a8278c7da	Nirvana	US	MTV Unplugged in New York	1994	['alternative', 'grunge', 'acoustic']
72428053-d408-4314-a41d-7871942f51d5	Strict Machine	7b885d42-3c41-4f43-9944-a5855ec5155e	Goldfrapp	GB	Black Cherry	2003	['electronic', 'electropop', 'synthpop']
72c6b4d3-71a8-4c70-bf50-da11c0149089	All I Need	a74b1b7f-71a5-4011-9441-d0b5e4122711	Radiohead	GB	In Rainbows		['alt rock', 'alternative pop/rock', 'alternative rock']
738920d3-c6e6-41c7-b504-57761bb625fd	Sexy Boy	cb67438a-7f50-4f2b-a6f1-2bb2729fd538	Air	FR	Moon Safari	1998	['ambient', 'electronica dance', 'downtempo']
76ccedbc-ce16-4c2b-8c05-fe2749c219a9	Reckoner	a74b1b7f-71a5-4011-9441-d0b5e4122711	Radiohead	GB	2001-06-23: Gorge Ampitheatre, George, WA, USA		['art rock', 'rock', 'british']
7eca082a-4b79-49d9-812d-1c9711cfe346	Lullaby	69ee3720-a7cb-4402-b48d-a02c366f2bcf	The Cure	GB	Lullaby	1989	['alternative', 'alternative rock', 'new wave']
82dad7c1-13ed-4195-b3a0-3e3fc64378ee	Rape Me	5b11f4ce-a62d-471e-81fc-a69a8278c7da	Nirvana	US	In Utero	1993	['alternative', 'rock', 'grunge']
833769db-6c5b-4a08-82ff-4fb0ab6ab1dc	Cherry Blossom Girl	cb67438a-7f50-4f2b-a6f1-2bb2729fd538	Air	FR	Talkie Walkie	2004	['downtempo', 'electronic', 'electronica']
84b9c21e-173e-4de0-b043-5cda731a3b94	Paint it Black	b071f9fa-14b0-4217-8e97-eb41da73f598	The Rolling Stones	GB	Shine a Light	2008	['blues rock', 'british', 'blues']
85a8d1a3-1475-43c3-b4c5-e4499bd9751f	Ce matin-là	cb67438a-7f50-4f2b-a6f1-2bb2729fd538	Air	FR	Moon Safari	1998	['ambient', 'downtempo', 'rock']
8618e305-4289-4574-8acc-d5d8ec6b7411	House of Cards	a74b1b7f-71a5-4011-9441-d0b5e4122711	Radiohead	GB	2006-05-15: Civic Hall, Wolverhampton, UK		['art rock', 'rock', 'british']
864c7424-c9ab-481e-a9c0-ad986e646c67	La Femme d’argent	cb67438a-7f50-4f2b-a6f1-2bb2729fd538	Air	FR	Moon Safari	1998	['downtempo', 'ambient', 'alternative']
8967ca1e-3e0c-4e41-81f6-08757fae829d	Talisman	cb67438a-7f50-4f2b-a6f1-2bb2729fd538	Air	FR	Les Inrockuptibles et la Fnac présentent : Une rentrée 97	1997	['downtempo', 'ambient', 'alternative rock']
8fa2de7e-49e0-4201-87ae-d9f2bab81730	Nude	a74b1b7f-71a5-4011-9441-d0b5e4122711	Radiohead	GB	Bootleg No. 2: Do Not Tell Me..		['art rock', 'rock', 'british']
9170054a-8a9b-4f33-b31f-4ed58347154a	Wandering Star	8f6bd1e4-fbe1-4f50-aa9b-94c450ec0f11	Portishead	GB	Dummy	1994	['trip hop', 'trip-hop', 'alternative rock']
977c23ba-10e0-4c03-a882-5896e58717ae	Numb	8f6bd1e4-fbe1-4f50-aa9b-94c450ec0f11	Portishead	GB	Dummy		['trip hop', 'trip-hop', 'acid jazz']
a345146f-41f8-484e-a03a-e2c86a424ba1	Bodysnatchers	a74b1b7f-71a5-4011-9441-d0b5e4122711	Radiohead	GB	2006-05-01: The Big Ask Live, Koko, London, UK		['art rock', 'rock', 'british']
ab7805a8-c161-403d-92bf-a92c8b8e17dc	Hurt	b7ffd2af-418f-4be2-bdd1-22f8b48613da	Nine Inch Nails	US	The Downward Spiral	1994	['industrial', 'alternative metal', 'alternative pop/rock']
bd6a4252-4b49-47b8-8cc9-0722c1d8fc93	The Passenger	f37b3f31-b1f8-4b88-8cb5-b34f709b17d7	Iggy Pop	US	The Passenger		['rock', 'classic punk', 'garage rock']
c1b2cea4-b493-4768-acf5-6948a4fe522b	DARE	e21857d5-3256-4547-afb3-4b6ded592596	Gorillaz	GB	DARE	2005	['alternative', 'rock', 'alternative dance']
c3ab11a5-3fd3-4e03-be70-30300519de6a	Videotape	a74b1b7f-71a5-4011-9441-d0b5e4122711	Radiohead	GB	2006-06-17: Bonnaroo Festival, Manchester, TN, USA		['art rock', 'rock', 'british']
c7baf0bc-77ed-454e-92a0-687f6b70d612	Pedestal	8f6bd1e4-fbe1-4f50-aa9b-94c450ec0f11	Portishead	GB	Dummy		['trip hop', 'trip-hop', 'acid jazz']
c8e52fad-05b1-47d0-8ce5-3f6f06f97806	Little Sister	7dc8f5bd-9d0b-4087-9f73-dc164950bbd8	Queens of the Stone Age	US	Lullabies to Paralyze	2005	['alternative metal', 'hard rock', 'heavy metal']
ca4b6e60-eed5-48ca-a88b-a77052341a9e	Young Folks	32a83250-7e26-422d-b9ac-f4564343e9ce	Peter Bjorn and John	SE	Writer’s Block	2006	['alternative', 'alternative and punk', 'alternative rock']
cf8ebc20-e0d4-4881-ab54-804d97e75aa4	Roads	8f6bd1e4-fbe1-4f50-aa9b-94c450ec0f11	Portishead	GB	Roseland NYC Live	1998	['acid jazz', 'trip hop', 'classical crossover']
d2e67c9e-3600-450c-aa69-cab51ff0c990	Une année sans lumière	52074ba6-e495-4ef3-9bb4-0703888a9f68	Arcade Fire	CA	Funeral	2004	['indie rock', '00s', 'alternative punk']
d63f9a2c-aea5-4b77-875e-eee7ce1fd734	Hung Up	79239441-bfd5-4981-a70c-55c3f15c1287	Madonna	US	Confessions on a Dance Floor		['pop', 'adult contemporary', 'contemporary pop/rock']
d7bd5354-080a-46ae-9019-19067b5486aa	Come as You Are	5b11f4ce-a62d-471e-81fc-a69a8278c7da	Nirvana	US	1993-11-18: Unplugged in New York: Unedited: MTV Unplugged, Sony Studios, New York City, NY, USA		['alternative rock', 'american', 'acoustic rock']
e5be3063-0f68-4c28-8a4e-d19a354b0872	15 Step	a74b1b7f-71a5-4011-9441-d0b5e4122711	Radiohead	GB	2006-05-15: Civic Hall, Wolverhampton, UK		['art rock', 'rock', 'british']
e6d80ec5-85b3-4900-8e52-f83e9bf16852	Neighborhood #1 (Tunnels)	52074ba6-e495-4ef3-9bb4-0703888a9f68	Arcade Fire	CA	Neighborhood #1 (Tunnels)	2004	['indie rock', 'alternative punk', '00s']
e92ce0b9-031c-451d-aee9-c6a248f93cf3	Over and Over	d8915e13-d67a-4aa0-9c0b-1f126af951af	Hot Chip	GB	Over and Over	2005	['alternative dance', 'deep house', 'electronic']
f0773654-5fa1-4e03-b25e-e0ed37332659	I Feel You	8538e728-ca0b-4321-b7e5-cff6565dd4c0	Depeche Mode	GB	Highlights: 18 Top-Hits aus den Charts	1993	['synthpop', 'alternative dance', 'rock']
f74b48a6-5a60-4b5a-864d-3ecb7e983c31	Weird Fishes/Arpeggi	a74b1b7f-71a5-4011-9441-d0b5e4122711	Radiohead	GB	In Rainbows		['alt rock', 'alternative pop/rock', 'alternative rock']
f900f8e2-7d49-4cca-a9a9-ee67dda88e6e	Alone in Kyoto	cb67438a-7f50-4f2b-a6f1-2bb2729fd538	Air	FR	Lost in Translation: Music From the Motion Picture Soundtrack	2003	['downtempo', 'electronic', 'electronica']
fdc4b6e7-83c4-4733-8037-e7ee8b8ee4a5	Dirty Harry	e21857d5-3256-4547-afb3-4b6ded592596	Gorillaz	GB	Demon Days		['trip hop', 'alternative punk', 'electronic']
ffac3cb1-a5e9-4f31-952d-45323f3640d5	Faust Arp	a74b1b7f-71a5-4011-9441-d0b5e4122711	Radiohead	GB	In Rainbows		['alt rock', 'alternative pop/rock', 'alternative rock']
2a559871-96d4-410d-b8cd-5cd2f2b2459e	No One Knows	7dc8f5bd-9d0b-4087-9f73-dc164950bbd8	Queens of the Stone Age	US	No One Knows	2002	['alternative metal', 'rock', 'stoner rock']
333b309e-78d6-42b0-9672-3334c9d2d165	The Killing Moon	ccd4879c-5e88-4385-b131-bf65296bf245	Echo & The Bunnymen	GB	The Killing Moon	1983	['alternative pop/rock', 'alternative punk', 'alternative rock']
4b8928cd-19e3-4b11-bf08-a1b35c0414d6	Only You	8f6bd1e4-fbe1-4f50-aa9b-94c450ec0f11	Portishead	GB	PNYC	1998	['acid jazz', 'trip hop', 'classical crossover']
5551e780-656c-410f-91ff-03aed3af9b7a	Crown of Love	52074ba6-e495-4ef3-9bb4-0703888a9f68	Arcade Fire	CA	Funeral	2004	['indie rock', '00s', 'alternative punk']
56276a83-e4c5-418c-9f56-c6980421ebbe	Feel Good Inc.	e21857d5-3256-4547-afb3-4b6ded592596	Gorillaz	GB	Now That's What I Call Party Hits!		['electronic', 'alternative rock', 'hip hop']
585a4874-4225-4cea-9e3f-151c5d5ad26e	Go With the Flow	7dc8f5bd-9d0b-4087-9f73-dc164950bbd8	Queens of the Stone Age	US	Songs for the Deaf	2002	['alternative metal', 'rock', 'stoner rock']
6e225cd7-5a1c-4de5-90a4-f18e9186293e	Stupid Girl	f9ef7a22-4262-4596-a2a8-1d19345b8e50	Garbage	US	Garbage	1995	['alternative rock', 'rock', 'alternative dance']
7b7d1b1d-9c02-4917-8688-ff3e11cab7f4	Pure Morning	847e8284-8582-4b0e-9c26-b042a4f49e57	Placebo	GB	The Best Anthems… Ever! Volume 3		['blues', 'rock', 'alternative rock']
83b416db-4ee1-4560-a3b3-52fd453eb285	Silence	8f6bd1e4-fbe1-4f50-aa9b-94c450ec0f11	Portishead	GB	Third		['folk rock', 'electronic', 'experimental rock']
8d2338a2-4acc-4d99-b2a7-1151f428cab6	Brown Sugar	b071f9fa-14b0-4217-8e97-eb41da73f598	The Rolling Stones	GB	Hot Rocks 1964–1971	1971	['blues', 'album rock', 'rock & roll']
989149e3-dfd5-4187-9d4a-aa72fe82dc1f	Feeling Good	9c9f1380-2516-4fc9-a3e6-f9f61941d090	Muse	GB	Origin of Symmetry	2001	['alternative', 'alternative rock', 'alternative-rock']
abb8911f-ad4d-493c-9f56-a34f67f4eeac	You	a74b1b7f-71a5-4011-9441-d0b5e4122711	Radiohead	GB	Pablo Honey	1993	['alternative rock', 'britpop', 'rock']
b0d40fde-31d6-4c1d-9130-5976ab3c9f26	That’s Not My Name	e618770f-e994-41c3-856f-1eedf56b6d74	The Ting Tings	GB	That's Not My Name / Great DJ	2007	['alternative dance', 'alternative pop/rock', 'alternative/indie rock']
cc7867d1-34a5-4bdd-a9b5-faff27ce77fb	Bohemian Rhapsody	0383dadf-2a4e-4d10-a46a-e9e041da8eb3	Queen	GB	Live Magic	1986	['art rock', 'british metal', 'hard rock']
d5050499-3035-4daf-8493-ba0aafe1836d	All Mine	8f6bd1e4-fbe1-4f50-aa9b-94c450ec0f11	Portishead	GB	Roseland NYC Live	1998	['acid jazz', 'trip hop', 'classical crossover']
ecaa1e44-f5ae-463a-a260-b04f8cfe984e	My Generation	9fdaa16b-a6c4-4831-b87c-bc9ca8ce7eaa	The Who	GB	Live at Leeds		['hard rock', 'rock', 'album rock']
18441305-0d00-4f4f-a932-2e3262e8f793	Knives Out	a74b1b7f-71a5-4011-9441-d0b5e4122711	Radiohead	GB	Amnesiac	2001	['alternative rock', 'alternative and punk', 'art rock']
4e934b0e-4e35-418a-a620-109ba80c4476	Anyone Can Play Guitar	a74b1b7f-71a5-4011-9441-d0b5e4122711	Radiohead	GB	Pablo Honey	1993	['alternative rock', 'britpop', 'rock']
5fdd8cf0-ebd0-4259-a5f1-84130d5bd4ca	I Might Be Wrong	a74b1b7f-71a5-4011-9441-d0b5e4122711	Radiohead	GB	The Best Of		['alternative and punk', 'alternative rock', 'experimental rock']
a9d3b404-6e54-4b14-a4c6-63b0df29509a	The Eraser	8ed2e0b3-aa4c-4e13-bec3-dc7393ed4d6b	Thom Yorke		The Eraser	2006	['electronica and dance', 'british', 'rock']
e4e67aad-31f7-49cd-a3d4-65c4f7fbe66e	Stop Whispering	a74b1b7f-71a5-4011-9441-d0b5e4122711	Radiohead	GB	Pablo Honey	1993	['alternative rock', 'britpop', 'rock']
e949857d-94d3-4e54-a9e6-af6bc1caf43d	Black Star	a74b1b7f-71a5-4011-9441-d0b5e4122711	Radiohead	GB	The Bends	1995	['rock', 'alternative pop/rock', 'acoustic']
02011500-814c-461c-b3a6-f24fe68ee5a1	Risingson	10adbe5e-a2c0-4bf3-8249-2b4cbf6e6ca8	Massive Attack		Siglo XXI	1997	['electronic', 'leftfield', 'trip hop']
2d982a74-a21a-4714-9d81-405ede915053	Comfortably Numb	83d91898-7763-47d7-b03b-b92132375c47	Pink Floyd	GB	Pulse		['album rock', 'art rock', 'classic rock']
7f527f79-3303-4f30-add1-3b58b65181d9	All Is Full of Love	87c5dedd-371d-4a53-9f7f-80522fb7f3cb	Björk	IS	Homogenic	1997	['electro', 'electronica dance', 'alternative and punk']
858bb931-555c-41d3-ac96-4218c1c88531	Nancy Boy	847e8284-8582-4b0e-9c26-b042a4f49e57	Placebo	GB	Flesh Mechanics Demos 95-96		['alternative rock', 'british', 'indie rock']
8e74dd9d-e5a3-4acd-918a-c36a0f8cda84	Angel	10adbe5e-a2c0-4bf3-8249-2b4cbf6e6ca8	Massive Attack		Mezzanine	1998	['alternative dance', 'alternative pop/rock', 'electronic']
92da1f05-0d96-441b-8e63-661a31779ff7	All Alone	e21857d5-3256-4547-afb3-4b6ded592596	Gorillaz	GB	Demon Days		['alternative hip-hop', 'alternative punk', 'alternative dance']
b4486e7a-2688-4b1d-a1fb-32244a6ab902	1979	ba0d6274-db14-4ef5-b28d-657ebde1a396	The Smashing Pumpkins	US	Mellon Collie and the Infinite Sadness	1995	['alternative rock', 'post-grunge', 'rock']
eb9bf15c-29e8-4c6b-bfa1-9b2a5b33a5b6	Lucy in the Sky With Diamonds	b10bbbfc-cf9e-42e0-be17-e2c3e1d2600d	The Beatles	GB	Sgt. Pepper's Lonely Hearts Club Band	1967	['rock', 'baroque pop', 'am pop']
7ea0d658-b2a9-4a8d-a346-48fb2b8acf6a	Here Comes the Sun	b10bbbfc-cf9e-42e0-be17-e2c3e1d2600d	The Beatles	GB	Abbey Road	1969	['album rock', 'pop', 'pop rock']
8b189d0c-8a13-4813-8882-3e648938ef2d	Army of Me	87c5dedd-371d-4a53-9f7f-80522fb7f3cb	Björk	IS	Post	1995	['alternative', 'trip hop', 'alternative and punk']
96734374-9968-40e2-ae97-a7632793dd82	Riders on the Storm	9efff43b-3b29-4082-824e-bc82f646f93d	The Doors	US	L.A. Woman	1971	['rock', 'acid rock', 'psychedelic rock']
f1a6a40f-78f5-4918-968d-f64363bae94c	Harder, Better, Faster, Stronger	056e4f3e-d505-4dad-8ec1-d04f521cbb56	Daft Punk	FR	Discovery	2001	['club/dance', 'electronic', 'electronica dance']
432e4044-eb55-420c-a1af-3f6cd2f768a6	Friday I’m in Love	69ee3720-a7cb-4402-b48d-a02c366f2bcf	The Cure	GB	Wish	1992	['alternative rock', 'alternative', 'rock']
a252705e-7c52-439a-8750-5bafdf6996cd	Clint Eastwood (Ed Case/Sweetie Irie refix) (edit)	e21857d5-3256-4547-afb3-4b6ded592596	Gorillaz	GB	Gorillaz	2001	['downtempo', 'dub', 'rock']
